{"stats":{"minecraft:crafted":{"minecraft:oak_planks":80,"minecraft:cooked_chicken":5,"minecraft:stone":218,"minecraft:cooked_mutton":8,"minecraft:dark_oak_door":3,"tombstone:grave_key":1,"minecraft:chest":6,"minecraft:stone_bricks":216,"minecraft:crafting_table":4,"minecraft:spruce_planks":172,"minecraft:wooden_pickaxe":1,"minecraft:light_gray_bed":2,"minecraft:stick":32,"minecraft:iron_ingot":106,"minecraft:iron_pickaxe":3,"minecraft:stone_sword":1,"biomesoplenty:palm_planks":8,"minecraft:iron_nugget":81,"biomesoplenty:mahogany_planks":16,"minecraft:furnace":5,"festive_delight:rolling_pin":1,"minecraft:lantern":10,"minecraft:iron_axe":4,"minecraft:spruce_slab":342,"minecraft:stone_pickaxe":1,"minecraft:dark_oak_planks":464,"minecraft:dark_oak_stairs":176,"minecraft:stone_axe":1,"minecraft:air":0,"inventorypets:nugget_coal":56,"minecraft:oak_stairs":24,"minecraft:iron_shovel":2,"minecraft:acacia_planks":8,"minecraft:torch":76},"minecraft:custom":{"enigmaticlegacy:play_time_with_seven_curses":0,"minecraft:interact_with_crafting_table":63,"minecraft:open_barrel":29,"minecraft:bell_ring":1,"minecraft:leave_game":6,"minecraft:time_since_death":221026,"minecraft:damage_resisted":0,"minecraft:sprint_one_cm":1472715,"minecraft:damage_blocked_by_shield":86,"minecraft:drop":149,"minecraft:talked_to_villager":1,"minecraft:play_time":584359,"minecraft:deaths":13,"tombstone:tomb_raiding":1,"minecraft:jump":6723,"minecraft:walk_on_water_one_cm":73225,"tombstone:elyra_diary":1,"minecraft:interact_with_furnace":67,"minecraft:sleep_in_bed":26,"minecraft:damage_dealt":18624,"minecraft:crouch_one_cm":4185,"tombstone:undead_killed":42,"minecraft:horse_one_cm":281588,"minecraft:interact_with_anvil":1,"minecraft:mob_kills":100,"tombstone:rite_of_silent_bond":1,"minecraft:damage_dealt_resisted":99,"minecraft:climb_one_cm":7903,"minecraft:walk_one_cm":1501110,"minecraft:damage_dealt_absorbed":40,"minecraft:sneak_time":928,"minecraft:walk_under_water_one_cm":21776,"minecraft:boat_one_cm":47420,"minecraft:total_world_time":584359,"tombstone:raider_killed":13,"enigmaticlegacy:play_time_without_seven_curses":582339,"minecraft:time_since_rest":837,"minecraft:damage_taken":8971,"minecraft:swim_one_cm":97485,"minecraft:fly_one_cm":847978,"minecraft:open_chest":220,"minecraft:fall_one_cm":149507},"minecraft:mined":{"minecraft:dark_oak_planks":16,"croptopia:cantaloupe_crop":2,"create:deepslate_zinc_ore":1,"minecraft:farmland":1,"iceandfire:graveyard_soil":1,"croptopia:grape_crop":2,"croptopia:strawberry_crop":1,"minecraft:jungle_leaves":14,"minecraft:carved_pumpkin":1,"minecraft:granite":36,"minecraft:acacia_log":3,"minecraft:grass_block":515,"minecraft:light_gray_bed":1,"spanishdelight:wild_garlic":18,"biomesoplenty:orange_sandstone":14,"biomesoplenty:palm_log":2,"minecraft:tall_seagrass":2,"minecraft:magma_block":9,"croptopia:cherry_crop":1,"fruitsdelight:pear_leaves":3,"minecraft:iron_ore":27,"croptopia:tea_crop":1,"minecraft:barrel":1,"minecraft:fire":84,"minecraft:pumpkin":19,"minecraft:deepslate_lapis_ore":3,"ars_nouveau:red_archwood_log":2,"minecraft:green_carpet":5,"minecraft:brown_mushroom":8,"biomesoplenty:tiny_cactus":68,"minecraft:torch":15,"biomesoplenty:black_sandstone":1,"minecraft:calcite":1,"minecraft:chest":3,"minecraft:dead_bush":13,"iceandfire:fire_lily":1,"minecraft:mushroom_stem":1,"minecraft:sugar_cane":1,"ars_nouveau:red_archwood_leaves":6,"minecraft:wall_torch":2,"minecraft:cauldron":1,"minecraft:deepslate_copper_ore":5,"minecraft:seagrass":5,"croptopia:zucchini_crop":2,"minecraft:jungle_wood":10,"croptopia:tomatillo_crop":2,"minecraft:light_gray_wool":3,"minecraft:pitcher_plant":1,"biomesoplenty:waterlily":1,"minecraft:grass":280,"biomesoplenty:clover":24,"fruitsdelight:fig_leaves":6,"minecraft:oak_log":108,"minecraft:beetroots":1,"minecraft:dirt":61,"minecraft:sand":5,"minecraft:deepslate":75,"minecraft:oak_leaves":199,"create:zinc_ore":1,"minecraft:tuff":22,"minecraft:red_carpet":3,"iceandfire:silver_ore":8,"minecraft:dark_oak_leaves":14,"farmersdelight:wild_carrots":3,"biomesoplenty:desert_grass":2,"minecraft:dark_oak_log":318,"create_central_kitchen:pumpkin_pie":1,"minecraft:dark_oak_fence":1,"biomesoplenty:bush":12,"fruitsdelight:orange_leaves":9,"neapolitan:adzuki_sprouts":4,"minecraft:spruce_leaves":56,"minecraft:sandstone":2,"biomesoplenty:dune_grass":9,"croptopia:barley_crop":1,"minecraft:large_fern":2,"minecraft:hay_block":3,"croptopia:ginger_crop":1,"rusticdelight:wild_cotton":5,"minecraft:redstone_ore":4,"minecraft:carrots":1,"biomesoplenty:toadstool":3,"vintagedelight:salt":1,"croptopia:blueberry_crop":3,"minecraft:gray_wall_banner":1,"minecraft:andesite":16,"minecraft:gold_block":15,"minecraft:bookshelf":121,"croptopia:squash_crop":1,"croptopia:rhubarb_crop":1,"biomesoplenty:high_grass":63,"minecraft:deepslate_iron_ore":16,"crittersandcompanions:silk_cocoon":6,"croptopia:elderberry_crop":1,"croptopia:greenonion_crop":1,"minecraft:stone":214,"fruitsdelight:apple_leaves":3,"minecraft:light_gray_carpet":1,"minecraft:acacia_leaves":3,"minecraft:glass_pane":2,"minecraft:hanging_roots":1,"biomesoplenty:orange_sand":10,"minecraft:stripped_dark_oak_log":13,"minecraft:brown_carpet":1,"minecraft:dandelion":1,"minecraft:crafting_table":3,"minecraft:rose_bush":15,"biomesoplenty:high_grass_plant":151,"minecraft:copper_ore":18,"minecraft:tall_grass":22,"minecraft:lapis_ore":8,"biomesoplenty:huge_clover_petal":5,"minecraft:diorite":54,"croptopia:olive_crop":2,"minecraft:cactus":6,"minecraft:birch_planks":4,"croptopia:leek_crop":1,"slavic_delight:wild_cucumbers":3,"fruitsdelight:kiwi_leaves":11,"croptopia:plum_crop":1,"biomesoplenty:mahogany_log":4,"biomesoplenty:pink_daffodil":1,"minecraft:spruce_log":413,"minecraft:birch_leaves":11,"iceandfire:ash":7,"croptopia:tomato_crop":1,"croptopia:yam_crop":1,"croptopia:hops_crop":2,"croptopia:turmeric_crop":1,"minecraft:coal_ore":79,"croptopia:celery_crop":3,"minecraft:cocoa":1,"croptopia:saguaro_crop":1,"croptopia:kiwi_crop":4,"minecraft:gravel":4,"croptopia:rutabaga_crop":3,"minecraft:stone_bricks":5,"vintagedelight:wild_oats":2,"minecraft:fern":39},"minecraft:killed":{"minecraft:spider":7,"crittersandcompanions:leaf_insect":4,"minecraft:skeleton":13,"minecraft:chicken":12,"minecraft:pig":5,"minecraft:creeper":4,"minecraft:sheep":4,"minecraft:pillager":8,"minecraft:zombie":28,"alexsmobs:fly":1,"minecraft:cow":2,"minecraft:vex":2,"minecraft:evoker":1,"minecraft:vindicator":4,"alexsmobs:tasmanian_devil":1,"iceandfire:fire_dragon":1,"minecraft:drowned":1,"iceandfire:troll":1},"minecraft:broken":{"minecraft:iron_shovel":2,"minecraft:iron_chestplate":1,"minecraft:stone_axe":1,"minecraft:iron_axe":5,"minecraft:iron_pickaxe":2,"minecraft:iron_helmet":1},"minecraft:picked_up":{"irons_spellbooks:scroll":1,"simplehats:hosthat":1,"minecraft:iron_chestplate":1,"croptopia:zucchini":2,"croptopia:tomatillo_seed":2,"croptopia:grape_seed":3,"simplehats:hatbag_rare":4,"minecraft:anvil":1,"minecraft:enchanted_book":3,"tombstone:grave_key":1,"enigmaticlegacy:enigmatic_eye":1,"rusticdelight:cotton_seeds":5,"minecraft:string":9,"croptopia:cantaloupe":1,"minecraft:raw_copper":80,"minecraft:iron_leggings":2,"minecraft:beetroot":1,"simplehats:topcathat":1,"minecraft:cobbled_deepslate":132,"minecraft:bucket":15,"delightful:acorn":2,"minecraft:rose_bush":8,"minecraft:calcite":1,"minecraft:iron_pickaxe":1,"minecraft:melon_slice":26,"minecraft:iron_boots":1,"minecraft:stick":29,"croptopia:barley_seed":1,"fruitsdelight:kiwi":2,"minecraft:oak_fence":10,"minecraft:torch":79,"croptopia:rutabaga":2,"minecraft:acacia_log":3,"minecraft:porkchop":12,"croptopia:olive_seed":2,"fruitsdelight:lemon":2,"simplehats:ushanka":1,"simplehats:bigstevehead":1,"tombstone:grave_dust":14,"minecraft:diorite":53,"minecraft:cauldron":2,"minecraft:cactus":6,"minecraft:light_gray_bed":1,"simplehats:crown":1,"minecraft:rotten_flesh":38,"inka:zamponia":2,"biomesoplenty:palm_log":2,"ars_nouveau:worn_notebook":1,"iceandfire:fire_dragon_heart":1,"minecraft:carved_pumpkin":1,"alexsmobs:emu_egg":2,"minecraft:cobblestone":571,"minecraft:magma_block":3,"minecraft:cooked_beef":5,"simplehats:sunglassesbig":1,"simplehats:frozenhead":2,"minecraft:feather":10,"minecraft:andesite":14,"simplehats:partyhat":1,"alexsmobs:bear_fur":2,"simplehats:simsgem":1,"minecraft:tuff":22,"create:raw_zinc":3,"simplehats:kirbymouthful":1,"simplehats:beaniergb":1,"croptopia:celery":2,"minecraft:lapis_lazuli":62,"simplehats:demonhorns":1,"minecraft:dirt":572,"simplehats:hatbag_epic":3,"culturaldelights:glow_squid":8,"croptopia:kiwi_seed":9,"tconstruct:war_pick":1,"minecraft:bone":26,"minecraft:bow":3,"minecraft:wheat_seeds":59,"biomesoplenty:tiny_cactus":56,"simplehats:hatbag_uncommon":8,"minecraft:oak_planks":4,"fruitsdelight:orange":5,"biomesoplenty:toadstool":5,"croptopia:turmeric":1,"croptopia:celery_seed":3,"minecraft:sand":5,"minecraft:dark_oak_log":308,"minecraft:barrel":1,"minecraft:mossy_cobblestone":9,"enigmaticlegacy:golden_ring":1,"minecraft:bundle":2,"croptopia:cherry":1,"croptopia:hops_seed":2,"simplehats:cartoonegg":1,"artifacts:crystal_heart":1,"croptopia:leek_seed":1,"minecraft:crossbow":1,"minecraft:granite":32,"minecraft:emerald":7,"minecraft:bread":8,"iceandfire:troll_leather_forest":3,"alexsmobs:maggot":2,"biomesoplenty:pink_daffodil":1,"minecraft:oak_sapling":21,"minecraft:light_gray_carpet":2,"croptopia:zucchini_seed":4,"croptopia:greenonion":2,"iceandfire:raw_silver":7,"ars_nouveau:red_archwood_log":1,"minecraft:cocoa_beans":1,"sophisticatedbackpacks:gold_backpack":2,"simplehats:rgbfullhelm":1,"minecraft:crafting_table":3,"minecraft:chicken":11,"minecraft:ladder":12,"iceandfire:fire_lily":1,"irons_spellbooks:tarnished_helmet":2,"minecraft:brown_mushroom":13,"simplehats:ladybug_on_head":2,"minecraft:gold_block":11,"enigmaticlegacy:tattered_tome":1,"simplehats:mohawk":1,"minecraft:shield":1,"croptopia:saguaro_seed":1,"minecraft:iron_axe":6,"minecraft:iron_shovel":1,"minecraft:white_carpet":67,"simplehats:baseballhat":3,"rusticdelight:calamari":7,"croptopia:tomatillo":1,"croptopia:tomato_seed":3,"minecraft:beef":1,"fruitsdelight:fig":4,"minecraft:iron_nugget":1,"minecraft:light_gray_wool":17,"simplehats:vikinghatbeard":1,"minecraft:chest":4,"crittersandcompanions:clam":1,"minecraft:egg":2,"simplehats:orange_hat":1,"minecraft:dark_oak_sapling":27,"minecraft:raw_iron":43,"minecraft:sandstone":2,"iceandfire:dragonbone":12,"minecraft:raw_gold_block":1,"simplehats:hatbag_common":6,"simplehats:alienphil":1,"sophisticatedbackpacks:backpack":1,"croptopia:rhubarb_seed":2,"farmersdelight:tomato_seeds":2,"minecraft:carrot":102,"minecraft:redstone":20,"minecraft:iron_horse_armor":2,"minecraft:dark_oak_planks":96,"croptopia:grape":1,"irons_spellbooks:evocation_rune":1,"croptopia:cantaloupe_seed":1,"minecraft:arrow":19,"minecraft:beetroot_seeds":4,"minecraft:decorated_pot":1,"biomesoplenty:orange_sandstone":18,"minecraft:hay_block":1,"crittersandcompanions:silk":24,"croptopia:rhubarb":1,"simplehats:eevee_ears":1,"minecraft:totem_of_undying":1,"minecraft:mutton":4,"minecraft:white_wool":1,"biomesoplenty:orange_sand":11,"inventorypets:pet_double_chest":1,"minecraft:golden_carrot":3,"simplehats:poofballhat":1,"croptopia:glowing_calamari":6,"minecraft:red_mushroom":20,"minecraft:birch_planks":43,"croptopia:tea_leaves":1,"minecraft:oak_log":106,"minecraft:lily_pad":1,"croptopia:leek":1,"minecraft:gunpowder":6,"minecraft:cobblestone_stairs":2,"simplehats:moreeyes":1,"minecraft:white_banner":1,"tombstone:gift":1,"iceandfire:tide_green_chestplate":1,"simplehats:dragonskull":1,"croptopia:olive":1,"minecraft:red_carpet":136,"croptopia:barley":1,"minecraft:stone_bricks":12,"minecraft:apple":14,"neapolitan:adzuki_beans":8,"minecraft:gray_carpet":4,"croptopia:squash":1,"minecraft:rabbit_hide":16,"minecraft:iron_ingot":2,"croptopia:tomato":1,"simplehats:dimmahat":1,"iceandfire:fire_dragon_flesh":4,"croptopia:kiwi":4,"minecraft:dark_oak_stairs":4,"minecraft:book":328,"biomesoplenty:waterlily":1,"minecraft:milk_bucket":2,"spanishdelight:garlic":128,"simplehats:chi_ears":1,"minecraft:pumpkin":16,"iceandfire:ash":31,"aquaculture:piranha":14,"minecraft:gravel":2,"croptopia:hops":1,"enigmaticlegacy:enigmatic_amulet":1,"minecraft:spruce_sapling":16,"croptopia:rutabaga_seed":3,"croptopia:turmeric_seed":2,"croptopia:tea_seed":2,"minecraft:spruce_log":394,"minecraft:green_carpet":6,"minecraft:spider_eye":4,"rusticdelight:cotton_boll":1,"biomesoplenty:mahogany_log":4,"croptopia:saguaro":1,"minecraft:stone_axe":1,"minecraft:gray_banner":2,"minecraft:iron_helmet":6,"simplehats:carrotonstick":1,"iceandfire:deathworm_white_leggings":1,"minecraft:damaged_anvil":1,"minecraft:stripped_dark_oak_log":8,"fruitsdelight:mango":1,"minecraft:coal":158,"minecraft:ender_pearl":4},"minecraft:used":{"minecraft:iron_shovel":513,"minecraft:chest":8,"minecraft:shield":3,"minecraft:iron_sword":178,"minecraft:rotten_flesh":11,"minecraft:carrot":103,"minecraft:milk_bucket":2,"minecraft:stone_bricks":200,"minecraft:bow":20,"minecraft:oak_sapling":1,"minecraft:furnace":5,"minecraft:dark_oak_sapling":9,"fruitsdelight:orange":2,"minecraft:damaged_anvil":1,"minecraft:stone_pickaxe":138,"minecraft:wooden_pickaxe":23,"irons_spellbooks:tarnished_helmet":1,"minecraft:sand":5,"minecraft:crossbow":3,"minecraft:dark_oak_log":14,"minecraft:bread":10,"minecraft:melon_slice":24,"tombstone:grave_key":1,"minecraft:andesite":1,"minecraft:acacia_log":1,"minecraft:stone_sword":154,"minecraft:dirt":465,"minecraft:cooked_chicken":5,"minecraft:torch":127,"minecraft:dark_oak_planks":89,"minecraft:oak_stairs":6,"minecraft:iron_axe":1775,"biomesoplenty:orange_sand":3,"minecraft:barrel":1,"festive_delight:rolling_pin":2,"vintagedelight:ghost_pepper":6,"minecraft:golden_carrot":3,"croptopia:squash":1,"tombstone:gift":9,"minecraft:cooked_beef":5,"spanishdelight:garlic":8,"minecraft:light_gray_bed":2,"minecraft:cooked_mutton":7,"minecraft:water_bucket":47,"iceandfire:fire_dragon_flesh":3,"minecraft:cobblestone_stairs":2,"minecraft:birch_planks":15,"minecraft:crafting_table":6,"croptopia:cherry":1,"minecraft:spruce_log":90,"minecraft:dark_oak_door":1,"minecraft:apple":9,"minecraft:iron_pickaxe":553,"iceandfire:ash":2,"minecraft:stone_axe":137,"minecraft:cobblestone":7,"croptopia:kiwi":2,"minecraft:bucket":47,"alexsmobs:animal_dictionary":1},"minecraft:killed_by":{"minecraft:vindicator":3,"alexsmobs:tasmanian_devil":1,"minecraft:zombie":1,"iceandfire:fire_dragon":1,"minecraft:vex":1,"minecraft:player":1,"irons_spellbooks:necromancer":1,"irons_spellbooks:archevoker":2},"minecraft:dropped":{"minecraft:brown_mushroom":2,"minecraft:birch_planks":13,"simplehats:ushanka":1,"simplehats:frozenhead":1,"croptopia:turmeric":1,"simplehats:doctorhat":1,"simplehats:poofballhat":1,"minecraft:ender_pearl":1,"minecraft:decorated_pot":1,"minecraft:iron_horse_armor":2,"irons_spellbooks:tarnished_helmet":2,"minecraft:red_mushroom":12,"minecraft:red_carpet":2,"sophisticatedbackpacks:gold_backpack":1,"minecraft:emerald":4,"minecraft:gold_block":11,"enigmaticlegacy:enigmatic_eye":1,"simplehats:beaniergb":1,"minecraft:dirt":6,"minecraft:dark_oak_log":12,"simplehats:partyhat":1,"minecraft:bone_meal":2,"simplehats:alienphil":1,"minecraft:iron_pickaxe":1,"simplehats:baseballhat":3,"minecraft:dark_oak_planks":4,"minecraft:cauldron":1,"minecraft:bone":21,"minecraft:stone_axe":1,"minecraft:gray_banner":2,"simplehats:eevee_ears":1,"minecraft:rotten_flesh":2,"minecraft:oak_planks":3,"enigmaticlegacy:tattered_tome":1,"iceandfire:fire_lily":1,"simplehats:topcathat":1,"minecraft:cooked_mutton":1,"minecraft:carrot":32,"minecraft:gunpowder":1,"spanishdelight:garlic":46,"minecraft:chest":1,"simplehats:traffic_cone":1,"minecraft:arrow":1,"minecraft:enchanted_book":1,"farmersdelight:tomato_seeds":2,"minecraft:iron_ingot":5,"minecraft:wheat_seeds":8,"minecraft:mossy_cobblestone":9,"simplehats:crown":1,"minecraft:iron_helmet":3,"minecraft:oak_fence":3,"minecraft:cobblestone":22,"minecraft:book":9,"simplehats:dimmahat":1,"inventorypets:nugget_obsidian":2,"minecraft:apple":1,"simplehats:demonhorns":2,"minecraft:stick":6,"simplehats:carrotonstick":1,"biomesoplenty:orange_sand":4,"ars_nouveau:worn_notebook":1,"tombstone:grave_key":1,"minecraft:melon_slice":2,"minecraft:iron_axe":3,"minecraft:lily_pad":1,"minecraft:bucket":17,"croptopia:kiwi":2,"minecraft:acacia_planks":1,"create:raw_zinc":1,"minecraft:redstone":20,"alexsmobs:maggot":2,"simplehats:rgbfullhelm":1,"inka:zamponia":1,"simplehats:questbook":2,"minecraft:stone_sword":1,"simplehats:sunglassesbig":1,"minecraft:tuff":12,"croptopia:leek_seed":1,"minecraft:white_carpet":7,"iceandfire:troll_leather_forest":1,"simplehats:vikinghatbeard":2,"minecraft:iron_boots":1,"crittersandcompanions:silk":3,"minecraft:hay_block":1,"simplehats:hatbag_common":2,"croptopia:kiwi_seed":6,"minecraft:oak_sapling":9,"simplehats:ladybug_on_head":1,"minecraft:stone_bricks":7,"minecraft:spider_eye":2,"biomesoplenty:orange_sandstone":9,"minecraft:sandstone":2,"minecraft:calcite":1}},"DataVersion":3465}