{"stats":{"minecraft:custom":{"enigmaticlegacy:play_time_with_seven_curses":0,"minecraft:interact_with_anvil":1,"minecraft:mob_kills":34,"minecraft:interact_with_crafting_table":18,"minecraft:open_barrel":11,"minecraft:damage_dealt_resisted":0,"minecraft:leave_game":3,"minecraft:time_since_death":12768,"minecraft:climb_one_cm":4088,"minecraft:damage_resisted":0,"minecraft:sprint_one_cm":607884,"minecraft:walk_one_cm":597871,"minecraft:damage_blocked_by_shield":30,"minecraft:drop":56,"minecraft:play_time":223775,"minecraft:deaths":11,"minecraft:sneak_time":784,"minecraft:walk_under_water_one_cm":9823,"minecraft:jump":2462,"minecraft:walk_on_water_one_cm":26099,"minecraft:total_world_time":223775,"minecraft:interact_with_furnace":22,"tombstone:raider_killed":8,"enigmaticlegacy:play_time_without_seven_curses":221908,"minecraft:sleep_in_bed":5,"minecraft:time_since_rest":5035,"minecraft:damage_taken":5487,"minecraft:damage_dealt":7807,"minecraft:swim_one_cm":14793,"minecraft:fly_one_cm":248513,"minecraft:open_chest":65,"minecraft:crouch_one_cm":4139,"tombstone:undead_killed":11,"minecraft:horse_one_cm":186641,"minecraft:fall_one_cm":55108},"minecraft:picked_up":{"simplehats:rgbfullhelm":1,"simplehats:hosthat":1,"minecraft:iron_chestplate":1,"minecraft:crafting_table":1,"croptopia:zucchini":2,"minecraft:chicken":6,"minecraft:ladder":12,"simplehats:hatbag_rare":1,"minecraft:anvil":1,"iceandfire:fire_lily":1,"minecraft:brown_mushroom":4,"simplehats:ladybug_on_head":1,"minecraft:enchanted_book":2,"simplehats:mohawk":1,"tombstone:grave_key":1,"minecraft:shield":1,"minecraft:raw_copper":61,"minecraft:iron_axe":4,"minecraft:iron_leggings":1,"minecraft:white_carpet":67,"simplehats:baseballhat":1,"minecraft:cobbled_deepslate":38,"delightful:acorn":1,"minecraft:rose_bush":4,"fruitsdelight:fig":1,"minecraft:light_gray_wool":17,"minecraft:melon_slice":18,"minecraft:iron_boots":1,"minecraft:egg":2,"minecraft:dark_oak_sapling":11,"minecraft:raw_iron":23,"minecraft:stick":5,"minecraft:sandstone":2,"iceandfire:dragonbone":12,"simplehats:hatbag_common":4,"fruitsdelight:kiwi":2,"minecraft:oak_fence":10,"minecraft:torch":26,"croptopia:rutabaga":2,"minecraft:acacia_log":3,"croptopia:olive_seed":2,"fruitsdelight:lemon":2,"tombstone:grave_dust":3,"minecraft:diorite":19,"minecraft:redstone":19,"minecraft:cauldron":2,"minecraft:dark_oak_planks":54,"irons_spellbooks:evocation_rune":1,"minecraft:cactus":3,"minecraft:arrow":6,"simplehats:crown":1,"minecraft:rotten_flesh":10,"biomesoplenty:palm_log":2,"ars_nouveau:worn_notebook":1,"biomesoplenty:orange_sandstone":18,"crittersandcompanions:silk":5,"iceandfire:fire_dragon_heart":1,"minecraft:carved_pumpkin":1,"alexsmobs:emu_egg":2,"simplehats:eevee_ears":1,"minecraft:totem_of_undying":1,"biomesoplenty:orange_sand":11,"minecraft:cobblestone":126,"minecraft:cooked_beef":5,"simplehats:frozenhead":2,"minecraft:feather":10,"simplehats:poofballhat":1,"minecraft:andesite":10,"minecraft:birch_planks":43,"minecraft:tuff":10,"create:raw_zinc":1,"minecraft:oak_log":9,"croptopia:leek":1,"minecraft:gunpowder":1,"minecraft:cobblestone_stairs":2,"minecraft:dirt":20,"simplehats:demonhorns":1,"tombstone:gift":1,"simplehats:hatbag_epic":1,"croptopia:kiwi_seed":9,"simplehats:dragonskull":1,"croptopia:olive":1,"tconstruct:war_pick":1,"minecraft:red_carpet":136,"minecraft:bone":9,"minecraft:stone_bricks":6,"minecraft:apple":9,"minecraft:gray_carpet":4,"minecraft:bow":3,"minecraft:wheat_seeds":1,"croptopia:squash":1,"biomesoplenty:tiny_cactus":56,"minecraft:iron_ingot":1,"simplehats:hatbag_uncommon":2,"iceandfire:fire_dragon_flesh":4,"minecraft:oak_planks":4,"croptopia:kiwi":4,"minecraft:dark_oak_stairs":4,"fruitsdelight:orange":2,"minecraft:book":301,"biomesoplenty:toadstool":1,"minecraft:pumpkin":16,"croptopia:turmeric":1,"iceandfire:ash":30,"minecraft:gravel":2,"croptopia:hops":1,"minecraft:sand":5,"croptopia:rutabaga_seed":3,"croptopia:turmeric_seed":2,"minecraft:green_carpet":6,"minecraft:dark_oak_log":13,"minecraft:barrel":1,"minecraft:bundle":1,"croptopia:cherry":1,"croptopia:hops_seed":2,"minecraft:stone_axe":1,"minecraft:gray_banner":2,"artifacts:crystal_heart":1,"croptopia:leek_seed":1,"minecraft:iron_helmet":1,"simplehats:carrotonstick":1,"minecraft:granite":32,"irons_spellbooks:scroll":1,"minecraft:emerald":3,"iceandfire:troll_leather_forest":3,"alexsmobs:maggot":2,"minecraft:light_gray_carpet":2,"minecraft:oak_sapling":11,"minecraft:damaged_anvil":1,"croptopia:zucchini_seed":4,"minecraft:coal":51,"iceandfire:raw_silver":7,"minecraft:ender_pearl":2},"minecraft:crafted":{"minecraft:oak_planks":36,"minecraft:furnace":1,"minecraft:cooked_mutton":8,"minecraft:stone_pickaxe":1,"minecraft:chest":2,"minecraft:crafting_table":2,"minecraft:wooden_pickaxe":1,"minecraft:stone_axe":1,"inventorypets:nugget_coal":56,"minecraft:stick":28,"minecraft:iron_ingot":10,"minecraft:iron_pickaxe":2,"minecraft:stone_sword":1,"minecraft:acacia_planks":8,"minecraft:torch":68,"biomesoplenty:palm_planks":8},"minecraft:dropped":{"minecraft:iron_ingot":5,"croptopia:turmeric":1,"minecraft:wheat_seeds":1,"minecraft:ender_pearl":1,"simplehats:crown":1,"minecraft:oak_fence":3,"minecraft:book":9,"simplehats:demonhorns":1,"minecraft:red_carpet":2,"minecraft:stick":5,"ars_nouveau:worn_notebook":1,"biomesoplenty:orange_sand":4,"minecraft:dark_oak_log":12,"tombstone:grave_key":1,"minecraft:melon_slice":2,"minecraft:iron_axe":1,"simplehats:baseballhat":1,"minecraft:dark_oak_planks":4,"croptopia:kiwi":2,"minecraft:acacia_planks":1,"minecraft:cauldron":1,"minecraft:bone":13,"minecraft:redstone":19,"minecraft:stone_axe":1,"alexsmobs:maggot":2,"minecraft:stone_sword":1,"minecraft:gray_banner":2,"minecraft:white_carpet":7,"iceandfire:troll_leather_forest":1,"minecraft:rotten_flesh":2,"minecraft:oak_planks":3,"iceandfire:fire_lily":1,"minecraft:cooked_mutton":1,"simplehats:hatbag_common":2,"croptopia:kiwi_seed":6,"minecraft:oak_sapling":4,"minecraft:stone_bricks":6,"biomesoplenty:orange_sandstone":9,"minecraft:sandstone":2,"minecraft:birch_planks":13},"minecraft:used":{"minecraft:stone_sword":154,"minecraft:chest":2,"minecraft:shield":1,"minecraft:rotten_flesh":5,"minecraft:torch":74,"minecraft:iron_axe":297,"biomesoplenty:orange_sand":3,"minecraft:barrel":1,"minecraft:bow":6,"minecraft:oak_sapling":1,"minecraft:furnace":1,"tombstone:gift":6,"croptopia:squash":1,"minecraft:cooked_beef":5,"iceandfire:fire_dragon_flesh":1,"minecraft:cooked_mutton":7,"fruitsdelight:orange":2,"minecraft:water_bucket":38,"minecraft:cobblestone_stairs":2,"minecraft:damaged_anvil":1,"minecraft:birch_planks":15,"minecraft:stone_pickaxe":138,"minecraft:wooden_pickaxe":23,"minecraft:sand":5,"minecraft:crafting_table":3,"croptopia:cherry":1,"minecraft:apple":7,"minecraft:melon_slice":16,"minecraft:iron_pickaxe":242,"iceandfire:ash":2,"minecraft:stone_axe":137,"croptopia:kiwi":2,"minecraft:cobblestone":6,"minecraft:andesite":1,"minecraft:bucket":39,"alexsmobs:animal_dictionary":1,"minecraft:acacia_log":1},"minecraft:killed_by":{"minecraft:vindicator":3,"irons_spellbooks:necromancer":1,"alexsmobs:tasmanian_devil":1,"minecraft:zombie":1,"irons_spellbooks:archevoker":2,"minecraft:vex":1},"minecraft:killed":{"minecraft:vex":2,"minecraft:vindicator":4,"alexsmobs:tasmanian_devil":1,"minecraft:skeleton":3,"iceandfire:fire_dragon":1,"minecraft:chicken":7,"iceandfire:troll":1,"minecraft:creeper":1,"minecraft:pillager":3,"minecraft:zombie":8,"alexsmobs:fly":1,"minecraft:evoker":1,"minecraft:cow":1},"minecraft:mined":{"minecraft:dark_oak_planks":5,"create:zinc_ore":1,"minecraft:tuff":10,"minecraft:red_carpet":3,"iceandfire:silver_ore":8,"farmersdelight:wild_carrots":1,"minecraft:dark_oak_log":6,"minecraft:carved_pumpkin":1,"minecraft:dark_oak_fence":1,"minecraft:granite":36,"minecraft:acacia_log":3,"minecraft:grass_block":2,"fruitsdelight:orange_leaves":9,"biomesoplenty:orange_sandstone":13,"minecraft:sandstone":2,"biomesoplenty:dune_grass":8,"biomesoplenty:palm_log":2,"minecraft:redstone_ore":4,"croptopia:cherry_crop":1,"biomesoplenty:toadstool":1,"minecraft:barrel":1,"minecraft:iron_ore":23,"minecraft:fire":84,"minecraft:andesite":12,"minecraft:gray_wall_banner":1,"minecraft:pumpkin":19,"croptopia:squash_crop":1,"minecraft:bookshelf":112,"biomesoplenty:high_grass":4,"crittersandcompanions:silk_cocoon":1,"minecraft:green_carpet":5,"minecraft:stone":135,"fruitsdelight:apple_leaves":3,"minecraft:light_gray_carpet":1,"minecraft:acacia_leaves":3,"minecraft:glass_pane":2,"biomesoplenty:tiny_cactus":58,"biomesoplenty:orange_sand":10,"minecraft:stripped_dark_oak_log":5,"minecraft:brown_carpet":1,"minecraft:dandelion":1,"minecraft:crafting_table":1,"biomesoplenty:black_sandstone":1,"minecraft:torch":9,"minecraft:rose_bush":5,"minecraft:dead_bush":6,"biomesoplenty:high_grass_plant":2,"iceandfire:fire_lily":1,"minecraft:copper_ore":17,"minecraft:tall_grass":7,"croptopia:olive_crop":1,"minecraft:diorite":20,"minecraft:wall_torch":2,"minecraft:cauldron":1,"minecraft:birch_planks":4,"minecraft:cactus":3,"croptopia:leek_crop":1,"croptopia:zucchini_crop":2,"fruitsdelight:kiwi_leaves":11,"croptopia:plum_crop":1,"minecraft:birch_leaves":2,"minecraft:light_gray_wool":3,"iceandfire:ash":6,"biomesoplenty:clover":2,"minecraft:grass":25,"croptopia:hops_crop":1,"croptopia:turmeric_crop":1,"minecraft:coal_ore":52,"minecraft:oak_log":10,"croptopia:kiwi_crop":2,"minecraft:gravel":4,"minecraft:dirt":20,"minecraft:sand":5,"croptopia:rutabaga_crop":2,"vintagedelight:wild_oats":2,"minecraft:deepslate":40,"minecraft:oak_leaves":85,"minecraft:fern":5},"minecraft:broken":{"minecraft:iron_axe":1,"minecraft:stone_axe":1,"minecraft:iron_pickaxe":1}},"DataVersion":3465}