{"stats":{"minecraft:crafted":{"minecraft:oak_planks":204,"minecraft:cooked_chicken":5,"minecraft:stone":261,"minecraft:iron_bars":16,"minecraft:cooked_mutton":8,"minecraft:glass":26,"minecraft:dark_oak_door":3,"tombstone:grave_key":1,"minecraft:chest":6,"minecraft:stone_bricks":216,"minecraft:oak_slab":120,"minecraft:arrow":28,"minecraft:crafting_table":5,"minecraft:spruce_planks":216,"minecraft:wooden_pickaxe":1,"minecraft:light_gray_bed":2,"minecraft:dark_oak_slab":36,"minecraft:stick":32,"minecraft:iron_ingot":106,"minecraft:iron_pickaxe":3,"minecraft:stone_sword":1,"minecraft:dark_oak_fence_gate":4,"biomesoplenty:palm_planks":8,"minecraft:iron_nugget":81,"biomesoplenty:mahogany_planks":16,"minecraft:furnace":5,"minecraft:dark_oak_trapdoor":18,"festive_delight:rolling_pin":1,"minecraft:jungle_trapdoor":16,"minecraft:glass_pane":64,"minecraft:lantern":10,"minecraft:dark_oak_fence":42,"minecraft:spruce_stairs":8,"minecraft:iron_axe":5,"minecraft:spruce_slab":402,"minecraft:stone_pickaxe":1,"minecraft:dark_oak_planks":516,"minecraft:dark_oak_stairs":176,"minecraft:stone_axe":1,"minecraft:air":0,"inventorypets:nugget_coal":56,"minecraft:oak_stairs":24,"minecraft:iron_shovel":2,"minecraft:torch":76,"minecraft:acacia_planks":8},"minecraft:picked_up":{"irons_spellbooks:scroll":2,"minecraft:diamond_sword":1,"simplehats:hosthat":1,"minecraft:iron_chestplate":1,"croptopia:zucchini":2,"aquaculture:synodontis":2,"simplehats:hatbag_rare":5,"minecraft:anvil":1,"croptopia:grape_seed":3,"croptopia:tomatillo_seed":2,"minecraft:oak_stairs":6,"minecraft:enchanted_book":3,"tombstone:grave_key":1,"enigmaticlegacy:enigmatic_eye":1,"rusticdelight:cotton_seeds":5,"minecraft:string":16,"minecraft:dark_oak_trapdoor":5,"croptopia:cantaloupe":1,"minecraft:raw_copper":80,"minecraft:iron_leggings":2,"minecraft:beetroot":1,"simplehats:topcathat":1,"simplehats:pohatoe":1,"irons_spellbooks:arcane_essence":4,"minecraft:cobbled_deepslate":132,"bosses_of_mass_destruction:soul_star":2,"minecraft:bucket":15,"minecraft:spruce_planks":6,"delightful:acorn":2,"minecraft:rose_bush":8,"minecraft:calcite":1,"minecraft:iron_pickaxe":1,"minecraft:melon_slice":26,"minecraft:iron_boots":2,"minecraft:stick":45,"croptopia:barley_seed":1,"fruitsdelight:kiwi":2,"minecraft:oak_fence":10,"croptopia:rutabaga":2,"minecraft:torch":79,"croptopia:blackberry_seed":3,"minecraft:acacia_log":3,"minecraft:spruce_stairs":1,"minecraft:porkchop":14,"croptopia:olive_seed":2,"simplehats:ushanka":1,"fruitsdelight:lemon":2,"tombstone:grave_dust":19,"simplehats:bigstevehead":1,"minecraft:diorite":53,"enigmaticlegacy:withered_tome":1,"minecraft:cauldron":2,"enigmaticlegacy:angel_blessing":1,"minecraft:cactus":6,"minecraft:light_gray_bed":1,"simplehats:crown":1,"minecraft:rotten_flesh":54,"biomesoplenty:palm_log":2,"inka:zamponia":2,"ars_nouveau:worn_notebook":1,"iceandfire:fire_dragon_heart":1,"minecraft:carved_pumpkin":1,"alexsmobs:emu_egg":5,"simplehats:mimic_head_gold":1,"minecraft:cod":1,"minecraft:cobblestone":571,"minecraft:magma_block":3,"minecraft:feather":10,"simplehats:frozenhead":2,"simplehats:sunglassesbig":1,"minecraft:cooked_beef":5,"minecraft:andesite":14,"simplehats:partyhat":1,"enigmaticlegacy:golem_heart":1,"alexsmobs:bear_fur":2,"simplehats:simsgem":1,"minecraft:tuff":22,"create:raw_zinc":3,"simplehats:kirbymouthful":1,"simplehats:beaniergb":1,"croptopia:celery":2,"minecraft:lapis_lazuli":62,"minecraft:dirt":705,"simplehats:demonhorns":1,"simplehats:sleepeyemask":1,"simplehats:hatbag_epic":5,"culturaldelights:glow_squid":8,"croptopia:kiwi_seed":9,"tconstruct:war_pick":1,"minecraft:bone":51,"minecraft:bow":4,"minecraft:wheat_seeds":80,"biomesoplenty:tiny_cactus":56,"minecraft:diamond_helmet":1,"simplehats:hatbag_uncommon":12,"simplehats:easterhead":1,"croptopia:roe":2,"minecraft:oak_planks":4,"fruitsdelight:orange":5,"biomesoplenty:toadstool":5,"croptopia:turmeric":1,"croptopia:blackberry":1,"croptopia:celery_seed":3,"minecraft:sand":31,"minecraft:jungle_planks":76,"simplehats:beetle_on_head":1,"minecraft:stripped_spruce_log":125,"minecraft:dark_oak_log":310,"minecraft:barrel":1,"minecraft:mossy_cobblestone":9,"minecraft:bundle":3,"croptopia:cherry":1,"enigmaticlegacy:golden_ring":1,"croptopia:hops_seed":2,"artifacts:crystal_heart":1,"simplehats:cartoonegg":1,"croptopia:leek_seed":1,"minecraft:crossbow":1,"minecraft:granite":32,"minecraft:diamond_pickaxe":1,"minecraft:emerald":7,"minecraft:bread":15,"iceandfire:troll_leather_forest":3,"alexsmobs:maggot":2,"biomesoplenty:pink_daffodil":1,"minecraft:oak_sapling":21,"minecraft:light_gray_carpet":2,"minecraft:dark_oak_fence":13,"croptopia:zucchini_seed":4,"croptopia:greenonion":2,"iceandfire:raw_silver":7,"simplehats:rgbfullhelm":1,"ars_nouveau:red_archwood_log":1,"sophisticatedbackpacks:gold_backpack":2,"minecraft:cocoa_beans":1,"minecraft:crafting_table":3,"minecraft:chicken":11,"minecraft:ladder":12,"iceandfire:fire_lily":1,"irons_spellbooks:tarnished_helmet":2,"minecraft:brown_mushroom":15,"simplehats:ladybug_on_head":2,"minecraft:gold_block":11,"enigmaticlegacy:tattered_tome":1,"simplehats:mohawk":1,"minecraft:shield":1,"croptopia:saguaro_seed":1,"minecraft:jungle_trapdoor":2,"minecraft:iron_axe":8,"minecraft:white_carpet":67,"minecraft:iron_shovel":1,"rusticdelight:calamari":7,"simplehats:baseballhat":3,"croptopia:tomatillo":1,"croptopia:tomato_seed":3,"minecraft:beef":1,"fruitsdelight:fig":4,"minecraft:iron_nugget":1,"minecraft:light_gray_wool":17,"minecraft:spruce_slab":13,"minecraft:sugar_cane":1,"simplehats:vikinghatbeard":1,"minecraft:chest":4,"crittersandcompanions:clam":1,"minecraft:egg":2,"minecraft:dark_oak_sapling":27,"simplehats:orange_hat":1,"minecraft:raw_iron":43,"minecraft:sandstone":22,"iceandfire:dragonbone":12,"minecraft:stone":1,"minecraft:raw_gold_block":1,"simplehats:hatbag_common":8,"simplehats:alienphil":1,"sophisticatedbackpacks:backpack":1,"croptopia:rhubarb_seed":2,"farmersdelight:tomato_seeds":2,"minecraft:carrot":102,"minecraft:redstone":20,"simplehats:right_hand_hat":1,"minecraft:iron_horse_armor":2,"minecraft:dark_oak_planks":99,"croptopia:grape":1,"irons_spellbooks:evocation_rune":1,"minecraft:arrow":48,"croptopia:cantaloupe_seed":1,"minecraft:beetroot_seeds":4,"minecraft:decorated_pot":1,"biomesoplenty:orange_sandstone":19,"crittersandcompanions:silk":24,"minecraft:hay_block":1,"croptopia:rhubarb":1,"simplehats:eevee_ears":1,"minecraft:totem_of_undying":1,"minecraft:mutton":4,"minecraft:white_wool":1,"biomesoplenty:orange_sand":78,"minecraft:stripped_oak_log":1,"minecraft:salmon":1,"minecraft:golden_carrot":3,"simplehats:poofballhat":1,"inventorypets:pet_double_chest":1,"minecraft:red_mushroom":20,"croptopia:glowing_calamari":6,"minecraft:birch_planks":43,"croptopia:tea_leaves":1,"minecraft:oak_log":110,"minecraft:lily_pad":1,"minecraft:cobblestone_wall":1,"croptopia:leek":1,"minecraft:gunpowder":6,"minecraft:cobblestone_stairs":2,"simplehats:moreeyes":1,"tombstone:gift":1,"minecraft:white_banner":1,"iceandfire:tide_green_chestplate":1,"simplehats:dragonskull":1,"croptopia:olive":1,"minecraft:red_carpet":136,"neapolitan:adzuki_beans":8,"minecraft:gray_carpet":4,"croptopia:barley":1,"minecraft:apple":18,"minecraft:stone_bricks":98,"croptopia:squash":1,"minecraft:rabbit_hide":16,"minecraft:iron_ingot":2,"croptopia:raspberry":1,"tombstone:bag_of_seeds":1,"croptopia:tomato":1,"simplehats:dimmahat":1,"iceandfire:fire_dragon_flesh":4,"croptopia:kiwi":4,"minecraft:dark_oak_stairs":14,"minecraft:book":328,"simplehats:azumanga_hat":1,"minecraft:oak_slab":8,"biomesoplenty:waterlily":1,"minecraft:milk_bucket":2,"spanishdelight:garlic":131,"simplehats:chi_ears":1,"minecraft:pumpkin":16,"iceandfire:ash":31,"aquaculture:piranha":14,"minecraft:gravel":2,"croptopia:hops":1,"enigmaticlegacy:enigmatic_amulet":1,"croptopia:turmeric_seed":2,"croptopia:rutabaga_seed":3,"minecraft:spruce_sapling":27,"minecraft:dark_oak_fence_gate":4,"croptopia:tea_seed":2,"minecraft:spruce_log":682,"minecraft:green_carpet":6,"minecraft:spider_eye":7,"rusticdelight:cotton_boll":1,"aquaculture:boulti":1,"biomesoplenty:mahogany_log":4,"croptopia:saguaro":1,"minecraft:stone_axe":1,"minecraft:gray_banner":2,"minecraft:iron_helmet":7,"simplehats:carrotonstick":1,"minecraft:diamond_axe":2,"iceandfire:deathworm_white_leggings":1,"tombstone:magic_scroll":1,"minecraft:damaged_anvil":1,"minecraft:black_wool":2,"minecraft:stripped_dark_oak_log":8,"minecraft:coal":158,"fruitsdelight:mango":1,"minecraft:ender_pearl":4},"minecraft:broken":{"minecraft:iron_shovel":3,"minecraft:iron_boots":1,"minecraft:iron_chestplate":1,"minecraft:stone_axe":1,"minecraft:iron_axe":7,"minecraft:iron_pickaxe":2,"minecraft:iron_helmet":1},"minecraft:used":{"minecraft:iron_shovel":685,"minecraft:spruce_slab":182,"minecraft:chest":8,"minecraft:shield":3,"minecraft:iron_sword":178,"minecraft:rotten_flesh":11,"minecraft:carrot":142,"minecraft:stripped_spruce_log":109,"minecraft:milk_bucket":2,"minecraft:spruce_wood":14,"minecraft:dark_oak_slab":23,"minecraft:stone_bricks":292,"minecraft:bow":36,"minecraft:oak_sapling":1,"minecraft:furnace":5,"minecraft:dark_oak_sapling":9,"fruitsdelight:orange":2,"minecraft:dark_oak_stairs":33,"minecraft:damaged_anvil":1,"minecraft:stone_pickaxe":138,"minecraft:wooden_pickaxe":23,"irons_spellbooks:tarnished_helmet":1,"minecraft:diamond_axe":589,"minecraft:dark_oak_trapdoor":20,"minecraft:sand":5,"minecraft:crossbow":3,"minecraft:dark_oak_log":16,"minecraft:melon_slice":24,"minecraft:bread":17,"tombstone:grave_key":1,"minecraft:diamond_sword":144,"minecraft:dark_oak_fence":39,"minecraft:andesite":1,"minecraft:iron_bars":9,"minecraft:acacia_log":1,"minecraft:stone_sword":154,"minecraft:spruce_planks":6,"minecraft:dirt":570,"minecraft:cooked_chicken":5,"minecraft:torch":127,"minecraft:spruce_stairs":6,"minecraft:jungle_trapdoor":9,"minecraft:dark_oak_planks":90,"minecraft:iron_axe":2090,"minecraft:oak_stairs":6,"biomesoplenty:orange_sand":3,"minecraft:barrel":1,"vintagedelight:ghost_pepper":6,"festive_delight:rolling_pin":2,"minecraft:golden_carrot":3,"croptopia:squash":1,"tombstone:gift":9,"minecraft:cooked_beef":5,"spanishdelight:garlic":8,"minecraft:light_gray_bed":2,"minecraft:cooked_mutton":7,"minecraft:water_bucket":47,"minecraft:cobblestone_stairs":2,"iceandfire:fire_dragon_flesh":3,"minecraft:birch_planks":15,"minecraft:oak_slab":8,"minecraft:crafting_table":7,"croptopia:cherry":1,"minecraft:cod":1,"minecraft:dark_oak_fence_gate":8,"minecraft:spruce_log":553,"minecraft:dark_oak_door":1,"minecraft:apple":9,"minecraft:iron_pickaxe":667,"iceandfire:ash":2,"minecraft:stone_axe":137,"minecraft:cobblestone":7,"croptopia:kiwi":2,"minecraft:porkchop":1,"minecraft:bucket":47,"minecraft:glass_pane":19,"alexsmobs:animal_dictionary":1},"minecraft:mined":{"minecraft:dark_oak_planks":20,"minecraft:spruce_planks":5,"croptopia:cantaloupe_crop":2,"create:deepslate_zinc_ore":1,"minecraft:farmland":1,"iceandfire:graveyard_soil":1,"croptopia:grape_crop":2,"croptopia:strawberry_crop":1,"minecraft:jungle_leaves":14,"minecraft:carved_pumpkin":1,"minecraft:granite":36,"minecraft:acacia_log":3,"minecraft:grass_block":541,"minecraft:light_gray_bed":1,"spanishdelight:wild_garlic":18,"biomesoplenty:orange_sandstone":15,"biomesoplenty:palm_log":2,"minecraft:tall_seagrass":3,"croptopia:cherry_crop":1,"minecraft:magma_block":9,"fruitsdelight:pear_leaves":3,"minecraft:dark_oak_trapdoor":4,"minecraft:iron_ore":27,"croptopia:tea_crop":1,"minecraft:barrel":1,"minecraft:fire":84,"minecraft:pumpkin":19,"minecraft:deepslate_lapis_ore":3,"minecraft:dark_oak_stairs":13,"ars_nouveau:red_archwood_log":2,"diagonalfences:minecraft/dark_oak_fence":13,"minecraft:oak_stairs":6,"minecraft:green_carpet":5,"minecraft:spruce_slab":9,"minecraft:jungle_trapdoor":2,"minecraft:brown_mushroom":10,"biomesoplenty:tiny_cactus":68,"minecraft:torch":15,"biomesoplenty:black_sandstone":1,"minecraft:calcite":1,"minecraft:chest":3,"minecraft:dead_bush":16,"croptopia:raspberry_crop":1,"iceandfire:fire_lily":1,"minecraft:mushroom_stem":1,"minecraft:sugar_cane":4,"ars_nouveau:red_archwood_leaves":6,"minecraft:wall_torch":2,"minecraft:cauldron":1,"minecraft:deepslate_copper_ore":5,"minecraft:seagrass":5,"croptopia:zucchini_crop":2,"minecraft:jungle_wood":10,"croptopia:tomatillo_crop":2,"minecraft:light_gray_wool":3,"minecraft:pitcher_plant":1,"biomesoplenty:waterlily":1,"biomesoplenty:clover":24,"minecraft:grass":308,"fruitsdelight:fig_leaves":6,"minecraft:oak_log":114,"minecraft:beetroots":1,"minecraft:dirt":192,"minecraft:sand":33,"minecraft:deepslate":75,"minecraft:oak_leaves":199,"create:zinc_ore":1,"minecraft:tuff":22,"minecraft:red_carpet":3,"iceandfire:silver_ore":8,"minecraft:dark_oak_leaves":14,"farmersdelight:wild_carrots":3,"biomesoplenty:desert_grass":3,"minecraft:dark_oak_log":320,"create_central_kitchen:pumpkin_pie":1,"minecraft:dark_oak_fence":1,"biomesoplenty:bush":12,"fruitsdelight:orange_leaves":9,"neapolitan:adzuki_sprouts":4,"minecraft:spruce_leaves":72,"minecraft:sandstone":22,"biomesoplenty:dune_grass":11,"croptopia:barley_crop":1,"minecraft:hay_block":3,"minecraft:large_fern":2,"croptopia:ginger_crop":1,"rusticdelight:wild_cotton":5,"minecraft:redstone_ore":4,"minecraft:carrots":1,"biomesoplenty:toadstool":3,"vintagedelight:salt":1,"minecraft:dark_oak_fence_gate":4,"minecraft:andesite":16,"minecraft:gray_wall_banner":1,"croptopia:blueberry_crop":3,"minecraft:stripped_spruce_log":126,"minecraft:gold_block":15,"minecraft:bookshelf":122,"croptopia:squash_crop":1,"croptopia:rhubarb_crop":1,"minecraft:deepslate_iron_ore":16,"biomesoplenty:high_grass":63,"crittersandcompanions:silk_cocoon":6,"minecraft:stripped_oak_log":1,"croptopia:elderberry_crop":1,"croptopia:greenonion_crop":1,"minecraft:stone":214,"fruitsdelight:apple_leaves":3,"minecraft:oak_slab":8,"minecraft:light_gray_carpet":1,"minecraft:acacia_leaves":3,"minecraft:glass_pane":2,"minecraft:hanging_roots":1,"biomesoplenty:orange_sand":66,"minecraft:stripped_dark_oak_log":13,"minecraft:brown_carpet":1,"minecraft:dandelion":1,"minecraft:oak_fence":1,"minecraft:crafting_table":3,"minecraft:rose_bush":16,"biomesoplenty:high_grass_plant":151,"minecraft:copper_ore":18,"minecraft:tall_grass":22,"minecraft:lapis_ore":8,"biomesoplenty:huge_clover_petal":5,"minecraft:diorite":54,"croptopia:olive_crop":2,"minecraft:spruce_stairs":1,"minecraft:cactus":6,"minecraft:birch_planks":4,"croptopia:leek_crop":1,"slavic_delight:wild_cucumbers":3,"fruitsdelight:kiwi_leaves":11,"minecraft:cobblestone_wall":1,"croptopia:plum_crop":1,"biomesoplenty:mahogany_log":4,"biomesoplenty:pink_daffodil":1,"minecraft:spruce_log":699,"minecraft:birch_leaves":11,"iceandfire:ash":7,"croptopia:yam_crop":1,"croptopia:tomato_crop":1,"minecraft:black_wool":3,"croptopia:hops_crop":2,"croptopia:turmeric_crop":1,"minecraft:coal_ore":79,"croptopia:celery_crop":3,"minecraft:cocoa":1,"croptopia:saguaro_crop":1,"croptopia:kiwi_crop":4,"croptopia:blackberry_crop":1,"minecraft:gravel":4,"croptopia:rutabaga_crop":3,"minecraft:stone_bricks":92,"vintagedelight:wild_oats":2,"minecraft:fern":42},"minecraft:killed":{"minecraft:spider":18,"crittersandcompanions:leaf_insect":4,"minecraft:dolphin":2,"minecraft:skeleton":33,"minecraft:chicken":12,"minecraft:silverfish":20,"minecraft:pig":6,"minecraft:salmon":1,"irons_spellbooks:necromancer":1,"minecraft:creeper":5,"minecraft:sheep":4,"minecraft:pillager":8,"minecraft:zombie":37,"alexsmobs:fly":1,"minecraft:cow":2,"minecraft:vex":2,"minecraft:evoker":1,"aquaculture:boulti":1,"minecraft:vindicator":4,"alexsmobs:tasmanian_devil":1,"iceandfire:fire_dragon":1,"minecraft:drowned":1,"iceandfire:troll":1,"aquaculture:synodontis":2},"minecraft:killed_by":{"minecraft:vindicator":3,"alexsmobs:tasmanian_devil":1,"minecraft:zombie":1,"iceandfire:fire_dragon":1,"minecraft:vex":1,"minecraft:player":1,"irons_spellbooks:necromancer":1,"irons_spellbooks:archevoker":2},"minecraft:dropped":{"minecraft:brown_mushroom":4,"minecraft:birch_planks":13,"simplehats:ushanka":1,"simplehats:frozenhead":1,"croptopia:turmeric":1,"simplehats:doctorhat":1,"minecraft:diamond_axe":1,"simplehats:poofballhat":1,"minecraft:ender_pearl":1,"minecraft:decorated_pot":1,"minecraft:iron_horse_armor":2,"irons_spellbooks:tarnished_helmet":2,"minecraft:red_mushroom":12,"minecraft:red_carpet":2,"sophisticatedbackpacks:gold_backpack":1,"minecraft:emerald":4,"minecraft:gold_block":11,"enigmaticlegacy:enigmatic_eye":1,"simplehats:beaniergb":1,"minecraft:dirt":12,"minecraft:dark_oak_log":12,"simplehats:partyhat":1,"minecraft:dark_oak_trapdoor":1,"minecraft:bone_meal":2,"simplehats:alienphil":1,"minecraft:iron_pickaxe":1,"simplehats:baseballhat":3,"minecraft:dark_oak_planks":6,"minecraft:cauldron":1,"minecraft:bone":21,"minecraft:stone_axe":1,"minecraft:gray_banner":2,"simplehats:eevee_ears":1,"minecraft:rotten_flesh":11,"minecraft:oak_planks":3,"enigmaticlegacy:tattered_tome":1,"iceandfire:fire_lily":1,"simplehats:topcathat":1,"minecraft:cooked_mutton":1,"minecraft:carrot":32,"minecraft:gunpowder":1,"spanishdelight:garlic":46,"minecraft:chest":1,"simplehats:traffic_cone":1,"minecraft:arrow":1,"farmersdelight:tomato_seeds":2,"minecraft:enchanted_book":1,"minecraft:iron_ingot":5,"minecraft:wheat_seeds":25,"minecraft:mossy_cobblestone":9,"simplehats:crown":1,"minecraft:oak_fence":3,"minecraft:iron_helmet":3,"minecraft:cobblestone":22,"minecraft:book":9,"simplehats:dimmahat":1,"minecraft:apple":5,"inventorypets:nugget_obsidian":2,"minecraft:spruce_stairs":1,"simplehats:demonhorns":2,"minecraft:stick":7,"simplehats:carrotonstick":1,"ars_nouveau:worn_notebook":1,"biomesoplenty:orange_sand":4,"tombstone:grave_key":1,"minecraft:melon_slice":2,"minecraft:iron_axe":5,"minecraft:string":1,"minecraft:lily_pad":1,"minecraft:bucket":17,"croptopia:kiwi":2,"minecraft:acacia_planks":1,"create:raw_zinc":1,"enigmaticlegacy:withered_tome":1,"minecraft:redstone":20,"alexsmobs:maggot":2,"inka:zamponia":1,"simplehats:rgbfullhelm":1,"minecraft:stone_sword":1,"simplehats:questbook":2,"simplehats:sunglassesbig":1,"minecraft:tuff":12,"croptopia:blackberry_seed":3,"croptopia:leek_seed":1,"minecraft:white_carpet":7,"iceandfire:troll_leather_forest":1,"simplehats:vikinghatbeard":2,"minecraft:iron_boots":1,"minecraft:stripped_oak_log":1,"crittersandcompanions:silk":3,"minecraft:diamond_sword":1,"minecraft:hay_block":1,"minecraft:stone":1,"simplehats:hatbag_common":2,"croptopia:kiwi_seed":6,"minecraft:spruce_planks":1,"minecraft:oak_sapling":9,"simplehats:ladybug_on_head":1,"minecraft:spider_eye":2,"minecraft:stone_bricks":7,"biomesoplenty:orange_sandstone":9,"minecraft:bow":1,"minecraft:sandstone":2,"minecraft:calcite":1,"enigmaticlegacy:angel_blessing":1},"minecraft:custom":{"enigmaticlegacy:play_time_with_seven_curses":0,"minecraft:interact_with_crafting_table":96,"minecraft:open_barrel":41,"minecraft:bell_ring":1,"minecraft:leave_game":7,"minecraft:time_since_death":457535,"minecraft:damage_resisted":0,"minecraft:sprint_one_cm":1612976,"minecraft:damage_blocked_by_shield":86,"minecraft:drop":175,"minecraft:talked_to_villager":1,"minecraft:play_time":820868,"minecraft:deaths":13,"tombstone:tomb_raiding":1,"minecraft:jump":8312,"minecraft:walk_on_water_one_cm":105071,"tombstone:elyra_diary":2,"minecraft:interact_with_furnace":72,"minecraft:sleep_in_bed":35,"minecraft:damage_dealt":29874,"minecraft:crouch_one_cm":4425,"tombstone:undead_killed":72,"minecraft:horse_one_cm":281588,"minecraft:interact_with_anvil":1,"minecraft:mob_kills":169,"tombstone:rite_of_silent_bond":1,"minecraft:damage_dealt_resisted":99,"minecraft:climb_one_cm":7903,"minecraft:walk_one_cm":2137642,"minecraft:damage_dealt_absorbed":40,"minecraft:sneak_time":1327,"minecraft:walk_under_water_one_cm":46799,"minecraft:boat_one_cm":47420,"minecraft:total_world_time":820868,"tombstone:raider_killed":13,"enigmaticlegacy:play_time_without_seven_curses":818848,"minecraft:time_since_rest":8995,"minecraft:damage_taken":10024,"minecraft:swim_one_cm":150536,"minecraft:fly_one_cm":991747,"minecraft:open_chest":283,"minecraft:fall_one_cm":210898}},"DataVersion":3465}