{"stats":{"minecraft:used":{"minecraft:chest":2,"minecraft:shield":1,"minecraft:iron_sword":25,"minecraft:rotten_flesh":11,"minecraft:bow":17,"minecraft:furnace":1,"minecraft:oak_sapling":1,"fruitsdelight:orange":2,"minecraft:damaged_anvil":1,"minecraft:stone_pickaxe":138,"minecraft:wooden_pickaxe":23,"minecraft:sand":5,"minecraft:crossbow":3,"minecraft:melon_slice":21,"minecraft:bread":9,"tombstone:grave_key":1,"minecraft:andesite":1,"minecraft:stone_sword":154,"minecraft:acacia_log":1,"minecraft:cooked_chicken":5,"minecraft:torch":122,"minecraft:iron_axe":762,"biomesoplenty:orange_sand":3,"minecraft:barrel":1,"croptopia:squash":1,"tombstone:gift":6,"spanishdelight:garlic":4,"minecraft:cooked_beef":5,"minecraft:cooked_mutton":7,"minecraft:water_bucket":43,"iceandfire:fire_dragon_flesh":3,"minecraft:cobblestone_stairs":2,"minecraft:birch_planks":15,"minecraft:crafting_table":3,"croptopia:cherry":1,"minecraft:apple":9,"minecraft:iron_pickaxe":446,"iceandfire:ash":2,"minecraft:stone_axe":137,"minecraft:cobblestone":6,"croptopia:kiwi":2,"minecraft:bucket":44,"alexsmobs:animal_dictionary":1},"minecraft:crafted":{"minecraft:oak_planks":36,"minecraft:cooked_chicken":5,"minecraft:cooked_mutton":8,"tombstone:grave_key":1,"minecraft:chest":2,"minecraft:crafting_table":2,"minecraft:wooden_pickaxe":1,"minecraft:stick":28,"minecraft:iron_ingot":37,"minecraft:iron_pickaxe":2,"minecraft:stone_sword":1,"biomesoplenty:palm_planks":8,"minecraft:furnace":1,"minecraft:stone_pickaxe":1,"minecraft:stone_axe":1,"inventorypets:nugget_coal":56,"minecraft:acacia_planks":8,"minecraft:torch":68},"minecraft:killed_by":{"minecraft:vindicator":3,"alexsmobs:tasmanian_devil":1,"minecraft:zombie":1,"iceandfire:fire_dragon":1,"minecraft:vex":1,"irons_spellbooks:necromancer":1,"irons_spellbooks:archevoker":2},"minecraft:picked_up":{"irons_spellbooks:scroll":1,"simplehats:hosthat":1,"minecraft:iron_chestplate":1,"croptopia:zucchini":2,"simplehats:hatbag_rare":4,"minecraft:anvil":1,"minecraft:enchanted_book":2,"tombstone:grave_key":1,"enigmaticlegacy:enigmatic_eye":1,"rusticdelight:cotton_seeds":5,"minecraft:string":4,"minecraft:raw_copper":77,"minecraft:iron_leggings":1,"simplehats:topcathat":1,"minecraft:cobbled_deepslate":52,"delightful:acorn":1,"minecraft:rose_bush":7,"minecraft:calcite":1,"minecraft:melon_slice":26,"minecraft:iron_boots":1,"minecraft:stick":5,"fruitsdelight:kiwi":2,"minecraft:oak_fence":10,"minecraft:acacia_log":3,"minecraft:torch":78,"croptopia:rutabaga":2,"croptopia:olive_seed":2,"fruitsdelight:lemon":2,"simplehats:bigstevehead":1,"tombstone:grave_dust":6,"minecraft:diorite":22,"minecraft:cauldron":2,"minecraft:cactus":3,"minecraft:rotten_flesh":27,"simplehats:crown":1,"biomesoplenty:palm_log":2,"ars_nouveau:worn_notebook":1,"iceandfire:fire_dragon_heart":1,"minecraft:carved_pumpkin":1,"alexsmobs:emu_egg":2,"minecraft:cobblestone":215,"minecraft:magma_block":3,"minecraft:cooked_beef":5,"simplehats:frozenhead":2,"minecraft:feather":10,"minecraft:andesite":14,"simplehats:partyhat":1,"minecraft:tuff":22,"create:raw_zinc":3,"simplehats:beaniergb":1,"minecraft:lapis_lazuli":62,"simplehats:demonhorns":1,"minecraft:dirt":33,"simplehats:hatbag_epic":3,"culturaldelights:glow_squid":8,"croptopia:kiwi_seed":9,"minecraft:bone":14,"tconstruct:war_pick":1,"minecraft:bow":3,"minecraft:wheat_seeds":23,"biomesoplenty:tiny_cactus":56,"simplehats:hatbag_uncommon":4,"minecraft:oak_planks":4,"fruitsdelight:orange":2,"biomesoplenty:toadstool":5,"croptopia:turmeric":1,"minecraft:sand":5,"minecraft:dark_oak_log":13,"minecraft:barrel":1,"minecraft:mossy_cobblestone":9,"minecraft:bundle":1,"croptopia:cherry":1,"croptopia:hops_seed":2,"artifacts:crystal_heart":1,"croptopia:leek_seed":1,"minecraft:granite":32,"minecraft:emerald":7,"minecraft:bread":8,"iceandfire:troll_leather_forest":3,"alexsmobs:maggot":2,"biomesoplenty:pink_daffodil":1,"minecraft:oak_sapling":14,"minecraft:light_gray_carpet":2,"croptopia:zucchini_seed":4,"iceandfire:raw_silver":7,"ars_nouveau:red_archwood_log":1,"minecraft:cocoa_beans":1,"simplehats:rgbfullhelm":1,"minecraft:crafting_table":1,"irons_spellbooks:tarnished_helmet":1,"minecraft:chicken":11,"minecraft:ladder":12,"iceandfire:fire_lily":1,"minecraft:brown_mushroom":6,"simplehats:ladybug_on_head":2,"simplehats:mohawk":1,"minecraft:shield":1,"minecraft:iron_axe":6,"minecraft:white_carpet":67,"rusticdelight:calamari":7,"simplehats:baseballhat":1,"fruitsdelight:fig":1,"minecraft:light_gray_wool":17,"minecraft:chest":1,"minecraft:egg":2,"minecraft:dark_oak_sapling":11,"minecraft:raw_iron":43,"minecraft:sandstone":2,"iceandfire:dragonbone":12,"simplehats:hatbag_common":4,"simplehats:alienphil":1,"croptopia:rhubarb_seed":2,"farmersdelight:tomato_seeds":2,"minecraft:redstone":20,"minecraft:iron_horse_armor":2,"minecraft:dark_oak_planks":57,"irons_spellbooks:evocation_rune":1,"minecraft:arrow":10,"biomesoplenty:orange_sandstone":18,"crittersandcompanions:silk":17,"croptopia:rhubarb":1,"simplehats:eevee_ears":1,"minecraft:totem_of_undying":1,"minecraft:mutton":4,"biomesoplenty:orange_sand":11,"minecraft:white_wool":1,"simplehats:poofballhat":1,"croptopia:glowing_calamari":6,"minecraft:red_mushroom":20,"minecraft:birch_planks":43,"croptopia:tea_leaves":1,"minecraft:oak_log":11,"croptopia:leek":1,"minecraft:gunpowder":3,"minecraft:cobblestone_stairs":2,"tombstone:gift":1,"simplehats:dragonskull":1,"croptopia:olive":1,"minecraft:red_carpet":136,"neapolitan:adzuki_beans":8,"minecraft:gray_carpet":4,"minecraft:apple":12,"minecraft:stone_bricks":6,"croptopia:squash":1,"minecraft:rabbit_hide":5,"minecraft:iron_ingot":1,"iceandfire:fire_dragon_flesh":4,"croptopia:kiwi":4,"minecraft:dark_oak_stairs":4,"minecraft:book":301,"spanishdelight:garlic":96,"minecraft:pumpkin":16,"iceandfire:ash":31,"minecraft:gravel":2,"croptopia:hops":1,"croptopia:rutabaga_seed":3,"croptopia:turmeric_seed":2,"croptopia:tea_seed":2,"minecraft:spider_eye":2,"minecraft:green_carpet":6,"rusticdelight:cotton_boll":1,"minecraft:stone_axe":1,"minecraft:gray_banner":2,"minecraft:iron_helmet":4,"simplehats:carrotonstick":1,"minecraft:damaged_anvil":1,"minecraft:coal":72,"minecraft:ender_pearl":4},"minecraft:dropped":{"minecraft:brown_mushroom":2,"minecraft:birch_planks":13,"croptopia:turmeric":1,"minecraft:ender_pearl":1,"minecraft:iron_horse_armor":2,"minecraft:red_mushroom":12,"minecraft:red_carpet":2,"minecraft:emerald":4,"enigmaticlegacy:enigmatic_eye":1,"simplehats:beaniergb":1,"minecraft:dirt":5,"minecraft:dark_oak_log":12,"simplehats:baseballhat":1,"minecraft:dark_oak_planks":4,"minecraft:cauldron":1,"minecraft:bone":13,"minecraft:stone_axe":1,"minecraft:gray_banner":2,"minecraft:rotten_flesh":2,"minecraft:oak_planks":3,"iceandfire:fire_lily":1,"minecraft:cooked_mutton":1,"minecraft:gunpowder":1,"spanishdelight:garlic":46,"minecraft:chest":1,"minecraft:arrow":1,"farmersdelight:tomato_seeds":2,"minecraft:iron_ingot":5,"minecraft:wheat_seeds":1,"minecraft:mossy_cobblestone":9,"simplehats:crown":1,"minecraft:oak_fence":3,"minecraft:iron_helmet":2,"minecraft:cobblestone":22,"minecraft:book":9,"minecraft:apple":1,"simplehats:demonhorns":1,"minecraft:stick":5,"biomesoplenty:orange_sand":4,"ars_nouveau:worn_notebook":1,"tombstone:grave_key":1,"minecraft:melon_slice":2,"minecraft:iron_axe":3,"croptopia:kiwi":2,"minecraft:acacia_planks":1,"create:raw_zinc":1,"minecraft:redstone":20,"alexsmobs:maggot":2,"minecraft:stone_sword":1,"minecraft:tuff":12,"minecraft:white_carpet":7,"iceandfire:troll_leather_forest":1,"minecraft:iron_boots":1,"simplehats:hatbag_common":2,"croptopia:kiwi_seed":6,"minecraft:oak_sapling":7,"minecraft:spider_eye":2,"minecraft:stone_bricks":6,"biomesoplenty:orange_sandstone":9,"minecraft:sandstone":2,"minecraft:calcite":1},"minecraft:broken":{"minecraft:stone_axe":1,"minecraft:iron_axe":1,"minecraft:iron_pickaxe":1},"minecraft:mined":{"minecraft:dark_oak_planks":9,"croptopia:cantaloupe_crop":1,"create:deepslate_zinc_ore":1,"iceandfire:graveyard_soil":1,"croptopia:strawberry_crop":1,"minecraft:jungle_leaves":7,"minecraft:carved_pumpkin":1,"minecraft:granite":36,"minecraft:acacia_log":3,"minecraft:grass_block":4,"spanishdelight:wild_garlic":15,"biomesoplenty:orange_sandstone":14,"biomesoplenty:palm_log":2,"minecraft:magma_block":9,"fruitsdelight:pear_leaves":3,"croptopia:cherry_crop":1,"croptopia:tea_crop":1,"minecraft:iron_ore":27,"minecraft:fire":84,"minecraft:barrel":1,"minecraft:pumpkin":19,"minecraft:deepslate_lapis_ore":3,"ars_nouveau:red_archwood_log":2,"minecraft:green_carpet":5,"biomesoplenty:tiny_cactus":68,"minecraft:torch":14,"biomesoplenty:black_sandstone":1,"minecraft:calcite":1,"minecraft:dead_bush":13,"minecraft:mushroom_stem":1,"iceandfire:fire_lily":1,"ars_nouveau:red_archwood_leaves":6,"minecraft:wall_torch":2,"minecraft:cauldron":1,"minecraft:deepslate_copper_ore":5,"minecraft:seagrass":5,"croptopia:zucchini_crop":2,"minecraft:jungle_wood":10,"croptopia:tomatillo_crop":1,"minecraft:light_gray_wool":3,"minecraft:grass":125,"biomesoplenty:clover":12,"minecraft:oak_log":12,"minecraft:sand":5,"minecraft:dirt":28,"minecraft:oak_leaves":154,"minecraft:deepslate":57,"create:zinc_ore":1,"minecraft:red_carpet":3,"minecraft:tuff":22,"iceandfire:silver_ore":8,"farmersdelight:wild_carrots":1,"biomesoplenty:desert_grass":2,"minecraft:dark_oak_log":6,"create_central_kitchen:pumpkin_pie":1,"minecraft:dark_oak_fence":1,"biomesoplenty:bush":12,"fruitsdelight:orange_leaves":9,"neapolitan:adzuki_sprouts":4,"minecraft:sandstone":2,"biomesoplenty:dune_grass":9,"minecraft:large_fern":2,"rusticdelight:wild_cotton":5,"minecraft:redstone_ore":4,"croptopia:ginger_crop":1,"biomesoplenty:toadstool":3,"vintagedelight:salt":1,"minecraft:gray_wall_banner":1,"minecraft:andesite":16,"minecraft:bookshelf":112,"croptopia:squash_crop":1,"croptopia:rhubarb_crop":1,"biomesoplenty:high_grass":33,"minecraft:deepslate_iron_ore":16,"crittersandcompanions:silk_cocoon":4,"croptopia:elderberry_crop":1,"minecraft:stone":212,"fruitsdelight:apple_leaves":3,"minecraft:light_gray_carpet":1,"minecraft:acacia_leaves":3,"minecraft:glass_pane":2,"minecraft:hanging_roots":1,"biomesoplenty:orange_sand":10,"minecraft:brown_carpet":1,"minecraft:stripped_dark_oak_log":5,"minecraft:dandelion":1,"minecraft:crafting_table":1,"minecraft:rose_bush":13,"minecraft:tall_grass":11,"biomesoplenty:high_grass_plant":62,"minecraft:copper_ore":17,"minecraft:lapis_ore":8,"biomesoplenty:huge_clover_petal":5,"minecraft:diorite":23,"croptopia:olive_crop":2,"croptopia:leek_crop":1,"minecraft:birch_planks":4,"minecraft:cactus":3,"fruitsdelight:kiwi_leaves":11,"croptopia:plum_crop":1,"biomesoplenty:pink_daffodil":1,"minecraft:birch_leaves":9,"iceandfire:ash":7,"croptopia:yam_crop":1,"croptopia:hops_crop":2,"croptopia:turmeric_crop":1,"minecraft:coal_ore":52,"minecraft:cocoa":1,"croptopia:kiwi_crop":4,"minecraft:gravel":4,"croptopia:rutabaga_crop":3,"vintagedelight:wild_oats":2,"minecraft:fern":26},"minecraft:killed":{"minecraft:spider":1,"crittersandcompanions:leaf_insect":3,"minecraft:skeleton":6,"minecraft:chicken":12,"minecraft:creeper":2,"minecraft:sheep":4,"minecraft:pillager":3,"minecraft:zombie":19,"alexsmobs:fly":1,"minecraft:cow":1,"minecraft:evoker":1,"minecraft:vex":2,"minecraft:vindicator":4,"alexsmobs:tasmanian_devil":1,"iceandfire:fire_dragon":1,"iceandfire:troll":1},"minecraft:custom":{"enigmaticlegacy:play_time_with_seven_curses":0,"minecraft:interact_with_crafting_table":18,"minecraft:open_barrel":20,"minecraft:leave_game":3,"minecraft:time_since_death":91576,"minecraft:damage_resisted":0,"minecraft:sprint_one_cm":944497,"minecraft:damage_blocked_by_shield":30,"minecraft:drop":87,"minecraft:talked_to_villager":1,"minecraft:play_time":318543,"minecraft:deaths":12,"tombstone:tomb_raiding":1,"minecraft:jump":4295,"minecraft:walk_on_water_one_cm":42643,"tombstone:elyra_diary":1,"minecraft:interact_with_furnace":27,"minecraft:sleep_in_bed":10,"minecraft:damage_dealt":12038,"minecraft:crouch_one_cm":4139,"tombstone:undead_killed":25,"minecraft:horse_one_cm":281588,"minecraft:interact_with_anvil":1,"minecraft:mob_kills":62,"tombstone:rite_of_silent_bond":1,"minecraft:damage_dealt_resisted":0,"minecraft:climb_one_cm":6176,"minecraft:walk_one_cm":878224,"minecraft:damage_dealt_absorbed":40,"minecraft:sneak_time":786,"minecraft:walk_under_water_one_cm":12059,"minecraft:total_world_time":318543,"tombstone:raider_killed":8,"enigmaticlegacy:play_time_without_seven_curses":316555,"minecraft:time_since_rest":26392,"minecraft:damage_taken":6773,"minecraft:swim_one_cm":26041,"minecraft:fly_one_cm":484448,"minecraft:open_chest":94,"minecraft:fall_one_cm":91581}},"DataVersion":3465}