{"stats":{"minecraft:used":{"minecraft:chest":2,"minecraft:shield":1,"minecraft:rotten_flesh":7,"minecraft:bow":6,"minecraft:furnace":1,"minecraft:oak_sapling":1,"fruitsdelight:orange":2,"minecraft:damaged_anvil":1,"minecraft:stone_pickaxe":138,"minecraft:wooden_pickaxe":23,"minecraft:sand":5,"minecraft:crossbow":3,"minecraft:melon_slice":16,"minecraft:bread":5,"tombstone:grave_key":1,"minecraft:andesite":1,"minecraft:stone_sword":154,"minecraft:acacia_log":1,"minecraft:torch":74,"minecraft:iron_axe":439,"biomesoplenty:orange_sand":3,"minecraft:barrel":1,"croptopia:squash":1,"tombstone:gift":6,"minecraft:cooked_beef":5,"minecraft:cooked_mutton":7,"minecraft:water_bucket":40,"iceandfire:fire_dragon_flesh":3,"minecraft:cobblestone_stairs":2,"minecraft:birch_planks":15,"minecraft:crafting_table":3,"croptopia:cherry":1,"minecraft:apple":7,"minecraft:iron_pickaxe":284,"iceandfire:ash":2,"minecraft:stone_axe":137,"minecraft:cobblestone":6,"croptopia:kiwi":2,"minecraft:bucket":41,"alexsmobs:animal_dictionary":1},"minecraft:crafted":{"minecraft:oak_planks":36,"minecraft:cooked_mutton":8,"tombstone:grave_key":1,"minecraft:chest":2,"minecraft:crafting_table":2,"minecraft:wooden_pickaxe":1,"minecraft:stick":28,"minecraft:iron_ingot":10,"minecraft:iron_pickaxe":2,"minecraft:stone_sword":1,"biomesoplenty:palm_planks":8,"minecraft:furnace":1,"minecraft:stone_pickaxe":1,"minecraft:stone_axe":1,"inventorypets:nugget_coal":56,"minecraft:acacia_planks":8,"minecraft:torch":68},"minecraft:killed_by":{"minecraft:vindicator":3,"alexsmobs:tasmanian_devil":1,"minecraft:zombie":1,"iceandfire:fire_dragon":1,"minecraft:vex":1,"irons_spellbooks:necromancer":1,"irons_spellbooks:archevoker":2},"minecraft:picked_up":{"irons_spellbooks:scroll":1,"simplehats:hosthat":1,"minecraft:iron_chestplate":1,"croptopia:zucchini":2,"simplehats:hatbag_rare":1,"minecraft:anvil":1,"minecraft:enchanted_book":2,"tombstone:grave_key":1,"minecraft:raw_copper":61,"minecraft:iron_leggings":1,"minecraft:cobbled_deepslate":38,"delightful:acorn":1,"minecraft:rose_bush":5,"minecraft:calcite":1,"minecraft:melon_slice":18,"minecraft:iron_boots":1,"minecraft:stick":5,"fruitsdelight:kiwi":2,"minecraft:oak_fence":10,"minecraft:acacia_log":3,"minecraft:torch":26,"croptopia:rutabaga":2,"croptopia:olive_seed":2,"fruitsdelight:lemon":2,"simplehats:bigstevehead":1,"tombstone:grave_dust":5,"minecraft:diorite":19,"minecraft:cauldron":2,"minecraft:cactus":3,"minecraft:rotten_flesh":17,"simplehats:crown":1,"biomesoplenty:palm_log":2,"ars_nouveau:worn_notebook":1,"iceandfire:fire_dragon_heart":1,"minecraft:carved_pumpkin":1,"alexsmobs:emu_egg":2,"minecraft:cobblestone":129,"minecraft:magma_block":3,"minecraft:cooked_beef":5,"simplehats:frozenhead":2,"minecraft:feather":10,"minecraft:andesite":10,"minecraft:tuff":10,"create:raw_zinc":1,"simplehats:beaniergb":1,"simplehats:demonhorns":1,"minecraft:dirt":23,"simplehats:hatbag_epic":2,"croptopia:kiwi_seed":9,"minecraft:bone":11,"tconstruct:war_pick":1,"minecraft:bow":3,"minecraft:wheat_seeds":10,"biomesoplenty:tiny_cactus":56,"simplehats:hatbag_uncommon":4,"minecraft:oak_planks":4,"fruitsdelight:orange":2,"biomesoplenty:toadstool":1,"croptopia:turmeric":1,"minecraft:sand":5,"minecraft:dark_oak_log":13,"minecraft:barrel":1,"minecraft:bundle":1,"croptopia:cherry":1,"croptopia:hops_seed":2,"artifacts:crystal_heart":1,"croptopia:leek_seed":1,"minecraft:granite":32,"minecraft:emerald":3,"minecraft:bread":8,"iceandfire:troll_leather_forest":3,"alexsmobs:maggot":2,"minecraft:oak_sapling":12,"minecraft:light_gray_carpet":2,"croptopia:zucchini_seed":4,"iceandfire:raw_silver":7,"minecraft:cocoa_beans":1,"simplehats:rgbfullhelm":1,"minecraft:crafting_table":1,"minecraft:chicken":6,"minecraft:ladder":12,"iceandfire:fire_lily":1,"minecraft:brown_mushroom":4,"simplehats:ladybug_on_head":2,"simplehats:mohawk":1,"minecraft:shield":1,"minecraft:iron_axe":5,"minecraft:white_carpet":67,"simplehats:baseballhat":1,"fruitsdelight:fig":1,"minecraft:light_gray_wool":17,"minecraft:egg":2,"minecraft:dark_oak_sapling":11,"minecraft:raw_iron":23,"minecraft:sandstone":2,"iceandfire:dragonbone":12,"simplehats:hatbag_common":4,"croptopia:rhubarb_seed":2,"minecraft:redstone":19,"minecraft:dark_oak_planks":57,"irons_spellbooks:evocation_rune":1,"minecraft:arrow":7,"biomesoplenty:orange_sandstone":18,"crittersandcompanions:silk":13,"croptopia:rhubarb":1,"simplehats:eevee_ears":1,"minecraft:totem_of_undying":1,"minecraft:mutton":2,"biomesoplenty:orange_sand":11,"minecraft:white_wool":1,"simplehats:poofballhat":1,"minecraft:birch_planks":43,"minecraft:oak_log":9,"croptopia:leek":1,"minecraft:gunpowder":2,"minecraft:cobblestone_stairs":2,"tombstone:gift":1,"simplehats:dragonskull":1,"croptopia:olive":1,"minecraft:red_carpet":136,"neapolitan:adzuki_beans":8,"minecraft:gray_carpet":4,"minecraft:apple":10,"minecraft:stone_bricks":6,"croptopia:squash":1,"minecraft:rabbit_hide":3,"minecraft:iron_ingot":1,"iceandfire:fire_dragon_flesh":4,"croptopia:kiwi":4,"minecraft:dark_oak_stairs":4,"minecraft:book":301,"minecraft:pumpkin":16,"iceandfire:ash":30,"minecraft:gravel":2,"croptopia:hops":1,"croptopia:rutabaga_seed":3,"croptopia:turmeric_seed":2,"minecraft:green_carpet":6,"minecraft:stone_axe":1,"minecraft:gray_banner":2,"minecraft:iron_helmet":4,"simplehats:carrotonstick":1,"minecraft:damaged_anvil":1,"minecraft:coal":71,"minecraft:ender_pearl":4},"minecraft:dropped":{"minecraft:birch_planks":13,"croptopia:turmeric":1,"minecraft:ender_pearl":1,"minecraft:red_carpet":2,"simplehats:beaniergb":1,"minecraft:dark_oak_log":12,"simplehats:baseballhat":1,"minecraft:dark_oak_planks":4,"minecraft:cauldron":1,"minecraft:bone":13,"minecraft:stone_axe":1,"minecraft:gray_banner":2,"minecraft:rotten_flesh":2,"minecraft:oak_planks":3,"iceandfire:fire_lily":1,"minecraft:cooked_mutton":1,"minecraft:iron_ingot":5,"minecraft:wheat_seeds":1,"simplehats:crown":1,"minecraft:oak_fence":3,"minecraft:iron_helmet":2,"minecraft:book":9,"simplehats:demonhorns":1,"minecraft:stick":5,"biomesoplenty:orange_sand":4,"ars_nouveau:worn_notebook":1,"tombstone:grave_key":1,"minecraft:melon_slice":2,"minecraft:iron_axe":2,"croptopia:kiwi":2,"minecraft:acacia_planks":1,"minecraft:redstone":19,"alexsmobs:maggot":2,"minecraft:stone_sword":1,"minecraft:white_carpet":7,"iceandfire:troll_leather_forest":1,"minecraft:iron_boots":1,"simplehats:hatbag_common":2,"croptopia:kiwi_seed":6,"minecraft:oak_sapling":4,"minecraft:stone_bricks":6,"biomesoplenty:orange_sandstone":9,"minecraft:sandstone":2},"minecraft:broken":{"minecraft:stone_axe":1,"minecraft:iron_axe":1,"minecraft:iron_pickaxe":1},"minecraft:mined":{"minecraft:dark_oak_planks":9,"minecraft:jungle_leaves":7,"minecraft:carved_pumpkin":1,"minecraft:granite":36,"minecraft:acacia_log":3,"minecraft:grass_block":2,"biomesoplenty:orange_sandstone":13,"biomesoplenty:palm_log":2,"minecraft:magma_block":9,"fruitsdelight:pear_leaves":3,"croptopia:cherry_crop":1,"minecraft:iron_ore":23,"minecraft:fire":84,"minecraft:barrel":1,"minecraft:pumpkin":19,"minecraft:green_carpet":5,"biomesoplenty:tiny_cactus":58,"minecraft:torch":9,"biomesoplenty:black_sandstone":1,"minecraft:calcite":1,"minecraft:dead_bush":7,"iceandfire:fire_lily":1,"minecraft:wall_torch":2,"minecraft:cauldron":1,"croptopia:zucchini_crop":2,"minecraft:jungle_wood":10,"minecraft:light_gray_wool":3,"minecraft:grass":48,"biomesoplenty:clover":2,"minecraft:oak_log":10,"minecraft:sand":5,"minecraft:dirt":23,"minecraft:oak_leaves":118,"minecraft:deepslate":40,"create:zinc_ore":1,"minecraft:red_carpet":3,"minecraft:tuff":10,"iceandfire:silver_ore":8,"farmersdelight:wild_carrots":1,"minecraft:dark_oak_log":6,"create_central_kitchen:pumpkin_pie":1,"minecraft:dark_oak_fence":1,"fruitsdelight:orange_leaves":9,"neapolitan:adzuki_sprouts":4,"minecraft:sandstone":2,"biomesoplenty:dune_grass":8,"minecraft:large_fern":2,"minecraft:redstone_ore":4,"biomesoplenty:toadstool":1,"minecraft:gray_wall_banner":1,"minecraft:andesite":12,"minecraft:bookshelf":112,"croptopia:squash_crop":1,"croptopia:rhubarb_crop":1,"biomesoplenty:high_grass":4,"crittersandcompanions:silk_cocoon":3,"minecraft:stone":138,"fruitsdelight:apple_leaves":3,"minecraft:light_gray_carpet":1,"minecraft:acacia_leaves":3,"minecraft:glass_pane":2,"biomesoplenty:orange_sand":10,"minecraft:brown_carpet":1,"minecraft:stripped_dark_oak_log":5,"minecraft:dandelion":1,"minecraft:crafting_table":1,"minecraft:rose_bush":10,"minecraft:tall_grass":9,"biomesoplenty:high_grass_plant":2,"minecraft:copper_ore":17,"minecraft:diorite":20,"croptopia:olive_crop":1,"croptopia:leek_crop":1,"minecraft:birch_planks":4,"minecraft:cactus":3,"fruitsdelight:kiwi_leaves":11,"croptopia:plum_crop":1,"minecraft:birch_leaves":2,"iceandfire:ash":6,"croptopia:hops_crop":1,"croptopia:turmeric_crop":1,"minecraft:coal_ore":52,"minecraft:cocoa":1,"croptopia:kiwi_crop":2,"minecraft:gravel":4,"croptopia:rutabaga_crop":2,"vintagedelight:wild_oats":2,"minecraft:fern":25},"minecraft:killed":{"crittersandcompanions:leaf_insect":2,"minecraft:skeleton":4,"minecraft:chicken":7,"minecraft:creeper":2,"minecraft:sheep":1,"minecraft:pillager":3,"minecraft:zombie":13,"alexsmobs:fly":1,"minecraft:cow":1,"minecraft:evoker":1,"minecraft:vex":2,"minecraft:vindicator":4,"alexsmobs:tasmanian_devil":1,"iceandfire:fire_dragon":1,"iceandfire:troll":1},"minecraft:custom":{"enigmaticlegacy:play_time_with_seven_curses":0,"minecraft:interact_with_crafting_table":18,"minecraft:open_barrel":20,"minecraft:leave_game":3,"minecraft:time_since_death":37576,"minecraft:damage_resisted":0,"minecraft:sprint_one_cm":741790,"minecraft:damage_blocked_by_shield":30,"minecraft:drop":61,"minecraft:play_time":264543,"minecraft:deaths":12,"minecraft:jump":3132,"minecraft:walk_on_water_one_cm":29687,"tombstone:elyra_diary":1,"minecraft:interact_with_furnace":25,"minecraft:sleep_in_bed":8,"minecraft:damage_dealt":9767,"minecraft:crouch_one_cm":4139,"tombstone:undead_killed":17,"minecraft:horse_one_cm":281588,"minecraft:interact_with_anvil":1,"minecraft:mob_kills":44,"tombstone:rite_of_silent_bond":1,"minecraft:damage_dealt_resisted":0,"minecraft:climb_one_cm":6176,"minecraft:walk_one_cm":664600,"minecraft:sneak_time":784,"minecraft:walk_under_water_one_cm":10438,"minecraft:total_world_time":264543,"tombstone:raider_killed":8,"enigmaticlegacy:play_time_without_seven_curses":262555,"minecraft:time_since_rest":471,"minecraft:damage_taken":6064,"minecraft:swim_one_cm":14793,"minecraft:fly_one_cm":340808,"minecraft:open_chest":89,"minecraft:fall_one_cm":65375}},"DataVersion":3465}