{"stats":{"minecraft:used":{"minecraft:melon":5,"minecraft:diamond_hoe":3,"fruitsdelight:pear":2,"minecraft:chest":3,"minecraft:shield":70,"minecraft:carrot":1,"minecraft:iron_helmet":1,"minecraft:stone_bricks":1,"minecraft:bow":12,"minecraft:furnace":8,"ars_nouveau:sourceberry_bush":12,"fruitsdelight:orange":2,"minecraft:damaged_anvil":1,"minecraft:stone_pickaxe":63,"minecraft:oak_planks":20,"minecraft:ender_pearl":1,"minecraft:wooden_pickaxe":26,"minecraft:sandstone":2,"minecraft:oak_leaves":1,"minecraft:golden_apple":1,"tconstruct:war_pick":1,"minecraft:dark_oak_log":1,"minecraft:bread":3,"minecraft:melon_slice":49,"minecraft:gravel":1,"sophisticatedstorage:chest":1,"fruitsdelight:kiwi":1,"iceandfire:dragon_skull_fire":3,"minecraft:smooth_stone_slab":2,"delightful:acorn":1,"minecraft:experience_bottle":4,"minecraft:cooked_chicken":6,"minecraft:torch":2,"minecraft:dirt":2,"minecraft:anvil":1,"minecraft:dark_oak_planks":9,"alexsmobs:maggot":2,"minecraft:iron_axe":425,"biomesoplenty:orange_sand":7,"fruitsdelight:lemon":1,"minecraft:smooth_basalt":1,"biomesoplenty:orange_sandstone":2,"tombstone:gift":4,"minecraft:acacia_planks":1,"minecraft:cooked_beef":16,"minecraft:cobbled_deepslate":1,"minecraft:pumpkin":1,"minecraft:iron_leggings":1,"minecraft:cooked_mutton":1,"minecraft:water_bucket":96,"iceandfire:fire_dragon_flesh":2,"minecraft:light_gray_banner":1,"minecraft:crafting_table":11,"minecraft:red_bed":2,"biomesoplenty:wildflower":3,"minecraft:flower_pot":2,"tombstone:ritual_flute":1,"minecraft:iron_pickaxe":92,"iceandfire:ash":10,"minecraft:stone_axe":46,"minecraft:green_carpet":1,"fruitsdelight:fig":1,"minecraft:cobblestone":26,"sophisticatedstorage:iron_chest":2,"minecraft:bucket":97},"minecraft:crafted":{"minecraft:oak_planks":132,"minecraft:cooked_chicken":6,"minecraft:iron_boots":2,"tombstone:grave_key":1,"minecraft:chest":3,"minecraft:crafting_table":4,"minecraft:wooden_pickaxe":1,"minecraft:iron_helmet":2,"minecraft:iron_chestplate":2,"minecraft:shield":3,"minecraft:stick":16,"minecraft:iron_pickaxe":1,"minecraft:iron_ingot":67,"minecraft:redstone_torch":2,"minecraft:coal":6,"sophisticatedstorage:iron_chest":2,"minecraft:furnace":4,"minecraft:bone_meal":3,"minecraft:iron_axe":7,"minecraft:stone_pickaxe":1,"minecraft:dark_oak_planks":40,"minecraft:wheat":9,"minecraft:cooked_beef":15,"minecraft:red_dye":2,"minecraft:red_bed":2,"minecraft:stone_axe":1,"minecraft:bread":15,"minecraft:air":0,"sophisticatedstorage:chest":2,"minecraft:white_dye":1,"minecraft:iron_leggings":2,"minecraft:white_bed":2,"minecraft:acacia_planks":16,"minecraft:lapis_lazuli":9},"minecraft:killed_by":{"minecraft:vindicator":1,"minecraft:vex":1,"irons_spellbooks:necromancer":1,"minecraft:skeleton":1,"irons_spellbooks:archevoker":1},"minecraft:picked_up":{"irons_spellbooks:scroll":3,"minecraft:wheat":11,"simplehats:hatbag_rare":2,"minecraft:flower_pot":4,"inventorypets:nugget_lapis":3,"enigmaticlegacy:enigmatic_eye":1,"minecraft:lapis_block":1,"minecraft:smooth_stone_slab":2,"minecraft:iron_leggings":1,"irons_spellbooks:arcane_essence":7,"alexsmobs:emu_feather":2,"minecraft:cobbled_deepslate":1,"delightful:acorn":1,"minecraft:rose_bush":1,"minecraft:melon_slice":137,"irons_spellbooks:inscription_table":1,"minecraft:furnace":7,"iceandfire:pixie_dust":2,"minecraft:stick":7,"fruitsdelight:kiwi":1,"minecraft:oak_fence":2,"minecraft:torch":18,"minecraft:acacia_log":4,"simplehats:worms_mine":1,"fruitsdelight:lemon":3,"tombstone:grave_dust":7,"minecraft:diorite":1,"minecraft:light_gray_banner":1,"minecraft:lime_carpet":2,"minecraft:rotten_flesh":23,"simplehats:crown":1,"crittersandcompanions:dragonfly_wing":1,"minecraft:red_tulip":1,"simplehats:scouter":1,"inka:cuy_item":1,"minecraft:cobblestone":73,"simplehats:frozenhead":1,"minecraft:cooked_beef":6,"minecraft:flint":1,"minecraft:dirt":38,"simplehats:demonhorns":1,"minecraft:purple_carpet":2,"minecraft:bone":28,"minecraft:bow":1,"minecraft:wheat_seeds":2,"sophisticatedstorage:chest":1,"simplehats:hatbag_uncommon":6,"minecraft:oak_planks":6,"fruitsdelight:orange":4,"iceandfire:dragon_skull_fire":3,"minecraft:sand":1,"minecraft:melon":5,"minecraft:dark_oak_log":11,"minecraft:diamond":2,"artifacts:crystal_heart":1,"minecraft:emerald":13,"alexsmobs:maggot":2,"minecraft:light_gray_carpet":1,"minecraft:oak_sapling":6,"minecraft:oak_leaves":17,"minecraft:crafting_table":8,"minecraft:allium":1,"minecraft:ladder":3,"irons_spellbooks:tarnished_helmet":1,"minecraft:iron_axe":3,"minecraft:white_carpet":95,"inventorypets:pet_biome":1,"simplehats:baseballhat":2,"minecraft:beef":26,"fruitsdelight:fig":1,"minecraft:iron_nugget":5,"minecraft:poppy":1,"minecraft:light_gray_wool":14,"biomesoplenty:wildflower":3,"simplehats:traffic_cone":1,"minecraft:chest":2,"simplehats:vikinghatbeard":1,"minecraft:birch_sapling":1,"minecraft:dark_oak_sapling":6,"minecraft:raw_iron":54,"minecraft:sandstone":2,"simplehats:hatbag_common":6,"minecraft:carrot":1,"minecraft:redstone":36,"simplehats:right_hand_hat":1,"minecraft:blue_carpet":2,"minecraft:dark_oak_planks":29,"inventorypets:nugget_ender":4,"minecraft:arrow":11,"biomesoplenty:orange_sandstone":7,"crittersandcompanions:silk":24,"minecraft:totem_of_undying":1,"simplehats:eevee_ears":1,"minecraft:saddle":1,"minecraft:mutton":8,"minecraft:white_wool":6,"simplehats:chalk_stick":1,"biomesoplenty:orange_sand":14,"simplehats:poofballhat":1,"minecraft:leather":14,"minecraft:birch_planks":29,"inventorypets:nugget_obsidian":1,"minecraft:oak_log":33,"minecraft:gunpowder":1,"minecraft:cobblestone_stairs":2,"minecraft:cooked_mutton":1,"minecraft:red_carpet":286,"minecraft:stone_bricks":1,"minecraft:apple":1,"minecraft:gray_carpet":3,"minecraft:rabbit_hide":18,"minecraft:iron_ingot":17,"minecraft:stone_pickaxe":1,"simplehats:tanuki_leaf":1,"iceandfire:fire_dragon_flesh":2,"minecraft:book":150,"minecraft:smooth_basalt":1,"minecraft:pumpkin":1,"iceandfire:ash":126,"minecraft:gravel":1,"fruitsdelight:pear":2,"minecraft:green_carpet":1,"minecraft:spider_eye":4,"tombstone:ritual_flute":1,"minecraft:stone_axe":3,"simplehats:carrotonstick":1,"minecraft:damaged_anvil":1,"minecraft:coal":33,"minecraft:ender_pearl":3},"minecraft:dropped":{"minecraft:dark_oak_stairs":2,"minecraft:birch_planks":29,"simplehats:frozenhead":1,"minecraft:cooked_beef":5,"simplehats:poofballhat":1,"minecraft:dark_oak_sapling":6,"minecraft:red_carpet":312,"minecraft:cobblestone_stairs":2,"minecraft:dirt":16,"minecraft:dark_oak_log":1,"iceandfire:ash":52,"minecraft:sand":1,"simplehats:baseballhat":1,"minecraft:dark_oak_planks":2,"minecraft:bone":4,"minecraft:stone_axe":4,"simplehats:eevee_ears":1,"minecraft:wheat":1,"tconstruct:war_pick":1,"minecraft:poppy":1,"minecraft:gunpowder":1,"simplehats:hatbag_uncommon":1,"inventorypets:nugget_coal":2,"minecraft:ladder":3,"minecraft:arrow":1,"minecraft:oak_leaves":8,"fruitsdelight:orange":2,"minecraft:purple_carpet":2,"fruitsdelight:lemon":2,"minecraft:iron_ingot":9,"minecraft:wheat_seeds":2,"minecraft:iron_helmet":1,"minecraft:oak_fence":2,"simplehats:carrotonstick":1,"irons_spellbooks:scroll":1,"biomesoplenty:orange_sand":7,"minecraft:diorite":1,"minecraft:melon_slice":18,"minecraft:lime_carpet":2,"minecraft:iron_leggings":2,"artifacts:crystal_heart":1,"minecraft:iron_axe":5,"minecraft:blue_carpet":2,"minecraft:gray_carpet":3,"minecraft:furnace":1,"minecraft:white_carpet":95,"minecraft:light_gray_wool":14,"minecraft:iron_boots":1,"minecraft:shield":1,"minecraft:flower_pot":2,"simplehats:hatbag_common":1,"minecraft:allium":1,"minecraft:iron_chestplate":1,"minecraft:oak_sapling":2,"minecraft:spider_eye":3,"biomesoplenty:orange_sandstone":5,"minecraft:bow":1,"minecraft:stone_pickaxe":2,"minecraft:red_tulip":1},"minecraft:broken":{"minecraft:shield":1,"minecraft:iron_axe":2},"minecraft:mined":{"minecraft:dark_oak_planks":13,"minecraft:acacia_log":4,"minecraft:grass_block":6,"biomesoplenty:orange_sandstone":7,"minecraft:spawner":1,"minecraft:iron_ore":54,"minecraft:fire":147,"minecraft:anvil":1,"sophisticatedstorage:chest":1,"biomesoplenty:wildflower":1,"minecraft:torch":1,"minecraft:melon":26,"minecraft:chest":1,"minecraft:oak_planks":3,"minecraft:damaged_anvil":2,"minecraft:lapis_block":1,"minecraft:light_gray_wool":16,"minecraft:smooth_stone_slab":3,"minecraft:grass":10,"minecraft:oak_log":27,"minecraft:dirt":16,"minecraft:smooth_basalt":1,"minecraft:oak_leaves":9,"minecraft:red_carpet":3,"minecraft:dark_oak_log":5,"fruitsdelight:orange_leaves":3,"minecraft:furnace":6,"fruitsdelight:lemon_tree":3,"minecraft:bookshelf":46,"crittersandcompanions:silk_cocoon":6,"irons_spellbooks:inscription_table":1,"minecraft:stone":74,"minecraft:glass_pane":9,"biomesoplenty:orange_sand":15,"minecraft:crafting_table":8,"minecraft:rose_bush":1,"minecraft:tall_grass":3,"minecraft:birch_leaves":8,"minecraft:black_wool":1,"minecraft:coal_ore":5,"minecraft:gravel":2,"minecraft:stone_bricks":1,"minecraft:fern":1},"minecraft:killed":{"minecraft:spider":2,"crittersandcompanions:leaf_insect":1,"minecraft:skeleton":17,"irons_spellbooks:archevoker":1,"artifacts:mimic":1,"irons_spellbooks:necromancer":2,"minecraft:creeper":1,"minecraft:sheep":6,"minecraft:pillager":6,"minecraft:zombie":24,"iceandfire:pixie":2,"minecraft:cow":12,"minecraft:vex":2,"minecraft:evoker":2,"minecraft:vindicator":15,"inka:cuy":1,"minecraft:ravager":1,"alexsmobs:emu":1,"minecraft:enderman":1},"minecraft:custom":{"enigmaticlegacy:play_time_with_seven_curses":0,"minecraft:interact_with_crafting_table":41,"minecraft:open_barrel":19,"minecraft:leave_game":6,"minecraft:time_since_death":16898,"minecraft:damage_resisted":0,"minecraft:sprint_one_cm":617341,"minecraft:damage_blocked_by_shield":1410,"minecraft:drop":113,"minecraft:play_time":204498,"minecraft:deaths":5,"minecraft:jump":4689,"minecraft:walk_on_water_one_cm":27996,"minecraft:interact_with_furnace":67,"minecraft:sleep_in_bed":5,"minecraft:damage_dealt":20765,"minecraft:crouch_one_cm":31859,"tombstone:undead_killed":44,"minecraft:interact_with_smoker":1,"minecraft:horse_one_cm":212489,"minecraft:mob_kills":100,"minecraft:interact_with_anvil":6,"tombstone:rite_of_silent_bond":1,"minecraft:damage_dealt_resisted":0,"minecraft:climb_one_cm":961,"minecraft:walk_one_cm":323614,"minecraft:sneak_time":11007,"minecraft:walk_under_water_one_cm":15193,"minecraft:interact_with_lectern":1,"minecraft:total_world_time":204498,"tombstone:raider_killed":24,"enigmaticlegacy:play_time_without_seven_curses":204344,"minecraft:interact_with_grindstone":1,"minecraft:time_since_rest":9366,"minecraft:damage_absorbed":42,"minecraft:damage_taken":4725,"minecraft:swim_one_cm":11830,"minecraft:fly_one_cm":1008129,"minecraft:open_chest":115,"minecraft:fall_one_cm":143518}},"DataVersion":3465}