{"stats":{"minecraft:crafted":{"sophisticatedstorage:stack_upgrade_tier_1_plus":3,"minecraft:oak_planks":132,"iceandfire:deathworm_gauntlet_red":1,"minecraft:dark_oak_boat":1,"minecraft:cooked_chicken":6,"minecraft:chain":3,"minecraft:stone":4,"minecraft:cooked_mutton":4,"minecraft:iron_boots":3,"iceandfire:deathworm_red_leggings":1,"tombstone:grave_key":1,"minecraft:chest":7,"minecraft:copper_block":16,"minecraft:oak_slab":6,"sophisticatedbackpacks:backpack":4,"minecraft:crafting_table":7,"minecraft:wooden_pickaxe":1,"minecraft:iron_helmet":2,"minecraft:copper_ingot":144,"sophisticatedbackpacks:upgrade_base":2,"biomesoplenty:fir_planks":20,"minecraft:iron_chestplate":2,"minecraft:shield":3,"enigmaticlegacy:golden_ring":2,"minecraft:stick":44,"minecraft:iron_ingot":100,"minecraft:iron_pickaxe":1,"minecraft:gold_ingot":21,"minecraft:redstone_torch":2,"minecraft:golden_carrot":3,"minecraft:coal":6,"minecraft:iron_nugget":36,"sophisticatedstorage:iron_chest":2,"minecraft:furnace":4,"sophisticatedbackpacks:stack_upgrade_starter_tier":3,"minecraft:bone_meal":108,"enigmaticlegacy:iron_ring":2,"minecraft:flint_and_steel":1,"refurbished_furniture:workbench":1,"minecraft:iron_axe":8,"minecraft:stone_pickaxe":1,"minecraft:redstone_block":1,"iceandfire:chain":1,"minecraft:dark_oak_planks":56,"minecraft:wheat":297,"sophisticatedbackpacks:iron_backpack":2,"minecraft:cooked_beef":15,"minecraft:red_dye":2,"minecraft:crossbow":3,"minecraft:red_bed":2,"sophisticatedbackpacks:gold_backpack":2,"minecraft:stone_axe":1,"minecraft:bread":79,"minecraft:air":0,"minecraft:jungle_planks":64,"sophisticatedstorage:chest":2,"minecraft:gold_nugget":36,"minecraft:white_dye":1,"minecraft:raw_gold":63,"minecraft:iron_leggings":2,"minecraft:stonecutter":1,"minecraft:white_bed":2,"minecraft:acacia_planks":16,"minecraft:torch":32,"minecraft:lapis_lazuli":9},"minecraft:custom":{"enigmaticlegacy:play_time_with_seven_curses":0,"minecraft:interact_with_crafting_table":83,"minecraft:open_barrel":66,"minecraft:leave_game":8,"minecraft:time_since_death":257671,"minecraft:damage_resisted":0,"minecraft:sprint_one_cm":1175438,"minecraft:damage_blocked_by_shield":3475,"minecraft:drop":295,"minecraft:talked_to_villager":3,"minecraft:play_time":445271,"minecraft:deaths":5,"minecraft:jump":10301,"minecraft:walk_on_water_one_cm":58583,"tombstone:elyra_diary":1,"minecraft:interact_with_furnace":130,"minecraft:sleep_in_bed":25,"minecraft:damage_dealt":45935,"minecraft:player_kills":1,"minecraft:crouch_one_cm":63307,"tombstone:undead_killed":89,"minecraft:interact_with_smoker":3,"minecraft:horse_one_cm":291702,"minecraft:interact_with_anvil":8,"minecraft:mob_kills":244,"tombstone:rite_of_silent_bond":1,"minecraft:damage_dealt_resisted":105,"minecraft:climb_one_cm":2092,"minecraft:walk_one_cm":705653,"minecraft:damage_dealt_absorbed":65,"minecraft:sneak_time":20044,"minecraft:walk_under_water_one_cm":26917,"minecraft:interact_with_lectern":1,"minecraft:boat_one_cm":37225,"minecraft:total_world_time":445271,"tombstone:raider_killed":83,"enigmaticlegacy:play_time_without_seven_curses":445117,"minecraft:interact_with_grindstone":1,"minecraft:time_since_rest":1997,"minecraft:damage_absorbed":42,"minecraft:damage_taken":6253,"minecraft:trigger_trapped_chest":1,"tombstone:cast_on_ally":1,"minecraft:swim_one_cm":55837,"minecraft:fly_one_cm":2273945,"minecraft:open_chest":302,"minecraft:fall_one_cm":333463},"minecraft:mined":{"minecraft:dark_oak_planks":16,"minecraft:jungle_leaves":3,"minecraft:granite":2,"minecraft:acacia_log":4,"minecraft:grass_block":8,"minecraft:jungle_log":6,"biomesoplenty:orange_sandstone":7,"minecraft:spawner":2,"minecraft:iron_ore":54,"minecraft:fire":161,"minecraft:anvil":2,"sophisticatedstorage:chest":1,"minecraft:red_bed":16,"biomesoplenty:wildflower":1,"minecraft:torch":1,"minecraft:melon":26,"minecraft:chest":1,"minecraft:cobblestone":3,"minecraft:damaged_anvil":3,"minecraft:oak_planks":3,"minecraft:jungle_wood":9,"croptopia:pineapple_crop":1,"minecraft:lapis_block":1,"minecraft:light_gray_wool":16,"minecraft:tnt":1,"biomesoplenty:fir_log":5,"minecraft:smooth_stone_slab":3,"minecraft:grass":16,"minecraft:oak_log":27,"minecraft:dirt":16,"minecraft:smooth_basalt":1,"minecraft:oak_leaves":9,"minecraft:deepslate":50,"minecraft:tuff":1,"minecraft:red_carpet":3,"minecraft:deepslate_diamond_ore":1,"sophisticatedstorage:iron_chest":2,"minecraft:dark_oak_log":5,"create_central_kitchen:pumpkin_pie":2,"fruitsdelight:orange_leaves":3,"minecraft:decorated_pot":14,"minecraft:hay_block":29,"minecraft:furnace":14,"minecraft:carrots":67,"minecraft:raw_gold_block":8,"fruitsdelight:lemon_tree":3,"minecraft:andesite":1,"minecraft:gold_block":45,"minecraft:bookshelf":49,"biomesoplenty:high_grass":1,"minecraft:vine":1,"crittersandcompanions:silk_cocoon":7,"irons_spellbooks:inscription_table":1,"minecraft:stone":93,"minecraft:bone_block":2,"minecraft:glass_pane":9,"biomesoplenty:orange_sand":15,"minecraft:crafting_table":14,"minecraft:rose_bush":1,"biomesoplenty:high_grass_plant":7,"minecraft:copper_ore":38,"minecraft:tall_grass":5,"minecraft:diorite":20,"refurbished_furniture:workbench":1,"minecraft:birch_leaves":8,"inka:inca_cloak":1,"minecraft:black_wool":1,"minecraft:coal_ore":5,"minecraft:gravel":2,"minecraft:stone_bricks":1,"minecraft:fern":1},"minecraft:killed":{"minecraft:witch":1,"aquaculture:piranha":15,"minecraft:spider":8,"crittersandcompanions:leaf_insect":1,"iceandfire:stymphalian_bird":2,"minecraft:skeleton":36,"irons_spellbooks:archevoker":1,"artifacts:mimic":2,"irons_spellbooks:necromancer":3,"minecraft:creeper":3,"minecraft:sheep":6,"minecraft:pillager":61,"minecraft:zombie":40,"iceandfire:pixie":2,"alexsmobs:komodo_dragon":1,"aquaculture:tambaqui":1,"minecraft:cow":12,"minecraft:evoker":2,"minecraft:vex":2,"minecraft:vindicator":15,"inka:cuy":1,"iceandfire:deathworm":7,"minecraft:husk":6,"alexsmobs:guster":1,"iceandfire:troll":2,"minecraft:ravager":1,"alexsmobs:emu":1,"alexsmobs:cockroach":1,"alexsmobs:crow":1,"minecraft:enderman":1},"minecraft:broken":{"minecraft:iron_boots":1,"minecraft:shield":1,"minecraft:iron_axe":3},"minecraft:picked_up":{"irons_spellbooks:scroll":4,"minecraft:wheat":11,"minecraft:anvil":1,"iceandfire:troll_weapon_hammer":1,"simplehats:hatbag_rare":6,"minecraft:flower_pot":4,"simplehats:greaser":1,"minecraft:enchanted_book":1,"inventorypets:nugget_lapis":3,"enigmaticlegacy:enigmatic_eye":1,"simplehats:clockface":1,"simplehats:round_purple_wig":1,"minecraft:lapis_block":1,"minecraft:string":6,"minecraft:raw_copper":137,"simplehats:bicorne":1,"minecraft:smooth_stone_slab":2,"minecraft:iron_leggings":1,"simplehats:topcathat":2,"simplehats:sombrero":1,"simplehats:rabbitonhead":1,"irons_spellbooks:arcane_essence":8,"alexsmobs:emu_feather":2,"minecraft:gold_nugget":1,"minecraft:cobbled_deepslate":50,"bosses_of_mass_destruction:soul_star":1,"minecraft:bucket":2,"delightful:acorn":1,"minecraft:rose_bush":1,"minecraft:melon_slice":137,"irons_spellbooks:inscription_table":1,"minecraft:furnace":15,"iceandfire:pixie_dust":2,"minecraft:stick":8,"aquaculture:tambaqui":1,"fruitsdelight:kiwi":1,"minecraft:oak_fence":2,"minecraft:torch":18,"minecraft:acacia_log":4,"simplehats:worms_mine":4,"simplehats:ushanka":1,"fruitsdelight:lemon":3,"tombstone:grave_dust":11,"simplehats:bigstevehead":1,"minecraft:diorite":74,"minecraft:light_gray_banner":1,"crittersandcompanions:dragonfly_wing":2,"minecraft:lime_carpet":2,"simplehats:crown":1,"simplehats:rgbsunglasses":1,"minecraft:rotten_flesh":72,"inka:zamponia":2,"iceandfire:deathworm_chitin_yellow":1,"minecraft:red_tulip":1,"simplehats:scouter":2,"croptopia:elderberry":2,"inka:cuy_item":1,"minecraft:cobblestone":102,"simplehats:sunglassesbig":1,"minecraft:magma_block":3,"simplehats:frozenhead":2,"minecraft:feather":1,"minecraft:cooked_beef":6,"minecraft:jungle_log":6,"minecraft:andesite":15,"minecraft:jungle_wood":14,"simplehats:partyhat":2,"biomesoplenty:fir_log":5,"minecraft:flint":1,"simplehats:simsgem":1,"create:raw_zinc":2,"simplehats:beaniergb":1,"minecraft:dirt":49,"simplehats:demonhorns":2,"simplehats:sleepeyemask":1,"minecraft:name_tag":1,"simplehats:hatbag_epic":3,"culturaldelights:glow_squid":1,"minecraft:purple_carpet":2,"minecraft:bone":73,"minecraft:bow":1,"minecraft:wheat_seeds":9,"sophisticatedstorage:chest":1,"simplehats:hatbag_uncommon":11,"minecraft:oak_planks":6,"fruitsdelight:orange":4,"biomesoplenty:toadstool":2,"simplehats:redstache":1,"iceandfire:dragon_skull_fire":3,"minecraft:sand":1,"minecraft:jungle_planks":8,"minecraft:melon":5,"iceandfire:stymphalian_bird_feather":11,"minecraft:dark_oak_log":11,"minecraft:diamond":3,"artifacts:crystal_heart":1,"croptopia:pineapple_seed":1,"iceandfire:troll_weapon_axe":1,"croptopia:greenonion":2,"minecraft:crossbow":7,"minecraft:granite":6,"minecraft:bread":1,"minecraft:bone_meal":2,"minecraft:emerald":16,"simplehats:rgbfullhelm":1,"alexsmobs:maggot":2,"minecraft:oak_sapling":13,"minecraft:light_gray_carpet":1,"minecraft:oak_leaves":17,"minecraft:lingering_potion":2,"sophisticatedbackpacks:gold_backpack":1,"minecraft:crafting_table":14,"minecraft:allium":1,"minecraft:ladder":15,"inka:inca_cloak":1,"irons_spellbooks:tarnished_helmet":3,"simplehats:rgbushanka":1,"simplehats:ladybug_on_head":1,"minecraft:gold_block":59,"minecraft:brick":6,"fruitsdelight:lychee":1,"minecraft:red_bed":16,"minecraft:iron_axe":3,"inventorypets:pet_biome":1,"minecraft:white_carpet":95,"rusticdelight:calamari":1,"simplehats:baseballhat":3,"simplehats:dairyqueen":1,"minecraft:beef":26,"fruitsdelight:fig":1,"minecraft:iron_nugget":5,"minecraft:poppy":1,"minecraft:light_gray_wool":14,"biomesoplenty:wildflower":3,"simplehats:traffic_cone":1,"simplehats:vikinghatbeard":2,"minecraft:chest":2,"minecraft:birch_sapling":1,"sophisticatedstorage:iron_chest":2,"minecraft:dark_oak_sapling":6,"minecraft:raw_iron":54,"minecraft:sandstone":2,"minecraft:raw_gold_block":7,"simplehats:hatbag_common":14,"minecraft:copper_ingot":4,"iceandfire:deathworm_chitin_red":13,"tombstone:readable_scroll":2,"simplehats:cowboyrgb":1,"iceandfire:deathworm_chitin_white":10,"minecraft:carrot":262,"minecraft:friend_pottery_sherd":4,"minecraft:redstone":36,"simplehats:right_hand_hat":1,"minecraft:blue_carpet":2,"minecraft:dark_oak_planks":32,"minecraft:tnt":1,"inventorypets:nugget_ender":4,"minecraft:arrow":23,"minecraft:decorated_pot":15,"biomesoplenty:orange_sandstone":7,"crittersandcompanions:silk":27,"minecraft:hay_block":32,"minecraft:bone_block":4,"artifacts:cross_necklace":1,"minecraft:gold_ingot":63,"minecraft:saddle":1,"simplehats:eevee_ears":2,"minecraft:totem_of_undying":1,"minecraft:mutton":8,"simplehats:chalk_stick":1,"minecraft:white_wool":7,"biomesoplenty:orange_sand":27,"simplehats:poofballhat":2,"croptopia:greenonion_seed":2,"minecraft:leather":38,"croptopia:glowing_calamari":1,"minecraft:birch_planks":29,"inventorypets:nugget_obsidian":4,"minecraft:oak_log":33,"minecraft:lily_pad":1,"minecraft:gunpowder":4,"minecraft:cobblestone_stairs":2,"minecraft:white_banner":5,"iceandfire:deathworm_tounge":1,"minecraft:cooked_mutton":1,"simplehats:doctorhat":2,"minecraft:red_carpet":286,"minecraft:gray_carpet":3,"minecraft:apple":5,"minecraft:stone_bricks":1,"minecraft:rabbit_hide":20,"minecraft:iron_ingot":17,"minecraft:stone_pickaxe":1,"simplehats:tanuki_leaf":1,"croptopia:elderberry_seed":2,"simplehats:dimmahat":1,"simplehats:villagernose":1,"iceandfire:fire_dragon_flesh":2,"minecraft:book":159,"simplehats:questbook":4,"minecraft:milk_bucket":1,"minecraft:smooth_basalt":1,"minecraft:pumpkin":1,"iceandfire:ash":126,"aquaculture:piranha":14,"minecraft:gravel":3,"refurbished_furniture:workbench":1,"fruitsdelight:pear":2,"minecraft:green_carpet":1,"minecraft:spider_eye":6,"tombstone:ritual_flute":1,"simplehats:binky":1,"minecraft:stone_axe":3,"minecraft:iron_helmet":1,"simplehats:carrotonstick":1,"tombstone:magic_scroll":1,"minecraft:damaged_anvil":2,"minecraft:coal":42,"minecraft:ender_pearl":3},"minecraft:used":{"minecraft:melon":5,"fruitsdelight:pear":2,"minecraft:diamond_hoe":46,"minecraft:decorated_pot":2,"minecraft:chest":3,"minecraft:shield":153,"minecraft:stone":1,"minecraft:jungle_planks":36,"minecraft:carrot":125,"minecraft:milk_bucket":1,"minecraft:iron_helmet":3,"minecraft:stone_bricks":1,"minecraft:bow":81,"minecraft:dark_oak_boat":1,"ars_nouveau:sourceberry_bush":12,"minecraft:furnace":14,"iceandfire:troll_weapon_hammer":4,"fruitsdelight:orange":2,"minecraft:damaged_anvil":1,"minecraft:stone_pickaxe":63,"minecraft:oak_planks":46,"minecraft:ender_pearl":1,"minecraft:wooden_pickaxe":26,"minecraft:sandstone":2,"biomesoplenty:fir_planks":20,"minecraft:oak_leaves":1,"minecraft:golden_apple":1,"tconstruct:war_pick":1,"minecraft:lingering_potion":1,"minecraft:dark_oak_log":1,"minecraft:melon_slice":105,"minecraft:bread":22,"iceandfire:deathworm_red_leggings":1,"sophisticatedstorage:chest":1,"minecraft:gravel":1,"fruitsdelight:kiwi":1,"iceandfire:dragon_skull_fire":3,"minecraft:smooth_stone_slab":2,"delightful:acorn":1,"minecraft:bone_meal":107,"minecraft:experience_bottle":4,"minecraft:flint_and_steel":15,"minecraft:cooked_chicken":6,"minecraft:torch":2,"minecraft:dirt":4,"minecraft:anvil":1,"minecraft:dark_oak_planks":35,"alexsmobs:maggot":2,"minecraft:iron_axe":777,"biomesoplenty:orange_sand":7,"minecraft:iron_boots":1,"minecraft:smooth_basalt":1,"fruitsdelight:lemon":1,"biomesoplenty:orange_sandstone":2,"tombstone:gift":9,"minecraft:cooked_beef":16,"minecraft:cobbled_deepslate":1,"minecraft:acacia_planks":1,"minecraft:pumpkin":1,"minecraft:iron_leggings":2,"minecraft:cooked_mutton":5,"minecraft:water_bucket":121,"iceandfire:fire_dragon_flesh":3,"iceandfire:troll_weapon_axe":1,"minecraft:light_gray_banner":1,"minecraft:tnt":1,"minecraft:crafting_table":20,"minecraft:red_bed":16,"biomesoplenty:wildflower":3,"minecraft:flower_pot":2,"minecraft:diamond_pickaxe":166,"tombstone:ritual_flute":1,"minecraft:iron_pickaxe":130,"iceandfire:ash":10,"minecraft:stone_axe":46,"minecraft:green_carpet":1,"fruitsdelight:fig":1,"refurbished_furniture:workbench":1,"minecraft:cobblestone":71,"sophisticatedstorage:iron_chest":2,"minecraft:white_banner":3,"minecraft:bucket":122,"inka:inca_cloak":1,"minecraft:pumpkin_pie":5},"minecraft:killed_by":{"minecraft:vindicator":1,"minecraft:vex":1,"irons_spellbooks:necromancer":1,"minecraft:skeleton":1,"irons_spellbooks:archevoker":1},"minecraft:dropped":{"croptopia:pineapple_seed":1,"iceandfire:raw_silver":7,"minecraft:birch_planks":36,"minecraft:dark_oak_stairs":2,"simplehats:ushanka":1,"simplehats:frozenhead":1,"minecraft:cooked_beef":5,"simplehats:poofballhat":1,"minecraft:ender_pearl":1,"minecraft:dark_oak_sapling":6,"minecraft:decorated_pot":13,"croptopia:elderberry_seed":2,"simplehats:scouter":2,"minecraft:crossbow":3,"minecraft:leather":24,"minecraft:jungle_planks":16,"irons_spellbooks:tarnished_helmet":2,"minecraft:red_carpet":312,"minecraft:emerald":3,"sophisticatedbackpacks:gold_backpack":2,"minecraft:cobblestone_stairs":2,"simplehats:beaniergb":1,"minecraft:dirt":34,"minecraft:dark_oak_log":1,"ars_nouveau:red_archwood_log":1,"simplehats:partyhat":1,"minecraft:bone_block":4,"minecraft:gold_nugget":2,"iceandfire:ash":53,"minecraft:sand":1,"simplehats:baseballhat":1,"minecraft:dark_oak_planks":2,"minecraft:gold_ingot":1,"rusticdelight:calamari":1,"minecraft:bone":36,"minecraft:gravel":4,"biomesoplenty:toadstool":2,"minecraft:stone_axe":4,"simplehats:cowboyrgb":1,"minecraft:iron_nugget":3,"minecraft:cobbled_deepslate":21,"simplehats:clockface":1,"simplehats:eevee_ears":1,"minecraft:wheat":1,"minecraft:birch_sapling":1,"minecraft:rotten_flesh":44,"simplehats:topcathat":1,"tombstone:readable_scroll":3,"simplehats:rgbushanka":1,"minecraft:carrot":64,"tconstruct:war_pick":1,"minecraft:poppy":1,"minecraft:rabbit_hide":9,"minecraft:gunpowder":4,"enigmaticlegacy:golden_ring":1,"simplehats:hatbag_uncommon":1,"minecraft:lingering_potion":1,"inventorypets:nugget_coal":2,"minecraft:chest":1,"minecraft:ladder":27,"culturaldelights:glow_squid":1,"minecraft:arrow":4,"simplehats:bigstevehead":1,"croptopia:greenonion":2,"enigmaticlegacy:enigmatic_amulet":1,"fruitsdelight:orange":2,"minecraft:oak_leaves":8,"minecraft:purple_carpet":2,"minecraft:egg":2,"fruitsdelight:lemon":2,"minecraft:enchanted_book":1,"tombstone:scroll_of_feather_fall":1,"minecraft:iron_ingot":9,"minecraft:bread":9,"minecraft:wheat_seeds":9,"minecraft:oak_fence":9,"minecraft:iron_helmet":4,"inventorypets:nugget_obsidian":1,"minecraft:granite":38,"crittersandcompanions:dragonfly_wing":2,"minecraft:copper_ingot":4,"minecraft:coal":17,"irons_spellbooks:scroll":1,"simplehats:carrotonstick":1,"simplehats:sombrero":1,"biomesoplenty:orange_sand":20,"minecraft:diorite":127,"minecraft:milk_bucket":3,"minecraft:golden_carrot":3,"minecraft:torch":48,"minecraft:melon_slice":26,"minecraft:lime_carpet":2,"tombstone:grave_dust":5,"simplehats:worms_mine":3,"minecraft:iron_leggings":4,"delightful:acorn":1,"artifacts:crystal_heart":1,"minecraft:white_banner":2,"minecraft:iron_axe":5,"minecraft:lily_pad":1,"aquaculture:tambaqui":1,"simplehats:simsgem":1,"minecraft:blue_carpet":2,"minecraft:gray_carpet":3,"create:raw_zinc":2,"croptopia:glowing_calamari":1,"croptopia:elderberry":1,"minecraft:furnace":1,"simplehats:rgbfullhelm":1,"inka:zamponia":1,"simplehats:bicorne":1,"simplehats:round_purple_wig":1,"minecraft:white_carpet":95,"minecraft:light_gray_wool":14,"minecraft:iron_boots":2,"fruitsdelight:lychee":1,"sophisticatedbackpacks:backpack":1,"minecraft:potato":7,"minecraft:shield":1,"minecraft:flower_pot":2,"simplehats:hatbag_common":1,"minecraft:allium":1,"minecraft:iron_chestplate":1,"minecraft:andesite":28,"minecraft:oak_sapling":16,"minecraft:spider_eye":6,"biomesoplenty:orange_sandstone":5,"simplehats:rgbsunglasses":1,"minecraft:bow":1,"minecraft:stone_pickaxe":2,"minecraft:wooden_pickaxe":1,"minecraft:red_tulip":1,"minecraft:magma_block":6,"minecraft:friend_pottery_sherd":4,"minecraft:brick":6}},"DataVersion":3465}