{"stats":{"minecraft:used":{"minecraft:melon":5,"minecraft:diamond_hoe":11,"fruitsdelight:pear":2,"minecraft:chest":3,"minecraft:shield":78,"minecraft:stone":1,"minecraft:carrot":38,"minecraft:iron_helmet":2,"minecraft:stone_bricks":1,"minecraft:bow":12,"minecraft:furnace":8,"ars_nouveau:sourceberry_bush":12,"fruitsdelight:orange":2,"minecraft:damaged_anvil":1,"minecraft:stone_pickaxe":63,"minecraft:oak_planks":40,"minecraft:ender_pearl":1,"minecraft:wooden_pickaxe":26,"minecraft:sandstone":2,"biomesoplenty:fir_planks":20,"minecraft:oak_leaves":1,"minecraft:golden_apple":1,"tconstruct:war_pick":1,"minecraft:dark_oak_log":1,"minecraft:melon_slice":70,"minecraft:bread":7,"sophisticatedstorage:chest":1,"minecraft:gravel":1,"fruitsdelight:kiwi":1,"iceandfire:dragon_skull_fire":3,"minecraft:smooth_stone_slab":2,"delightful:acorn":1,"minecraft:bone_meal":24,"minecraft:experience_bottle":4,"minecraft:cooked_chicken":6,"minecraft:torch":2,"minecraft:dirt":3,"minecraft:anvil":1,"minecraft:dark_oak_planks":17,"alexsmobs:maggot":2,"minecraft:iron_axe":495,"biomesoplenty:orange_sand":7,"fruitsdelight:lemon":1,"minecraft:smooth_basalt":1,"biomesoplenty:orange_sandstone":2,"tombstone:gift":5,"minecraft:cooked_beef":16,"minecraft:acacia_planks":1,"minecraft:cobbled_deepslate":1,"minecraft:pumpkin":1,"minecraft:iron_leggings":2,"minecraft:cooked_mutton":1,"minecraft:water_bucket":105,"iceandfire:fire_dragon_flesh":2,"minecraft:light_gray_banner":1,"minecraft:crafting_table":13,"minecraft:red_bed":2,"biomesoplenty:wildflower":3,"minecraft:flower_pot":2,"tombstone:ritual_flute":1,"minecraft:iron_pickaxe":93,"iceandfire:ash":10,"minecraft:stone_axe":46,"minecraft:green_carpet":1,"fruitsdelight:fig":1,"refurbished_furniture:workbench":1,"minecraft:cobblestone":32,"sophisticatedstorage:iron_chest":2,"minecraft:bucket":106,"minecraft:pumpkin_pie":5},"minecraft:crafted":{"minecraft:oak_planks":132,"minecraft:cooked_chicken":6,"minecraft:stone":4,"minecraft:iron_boots":2,"tombstone:grave_key":1,"minecraft:chest":5,"minecraft:oak_slab":6,"sophisticatedbackpacks:backpack":2,"minecraft:crafting_table":4,"minecraft:wooden_pickaxe":1,"minecraft:iron_helmet":2,"biomesoplenty:fir_planks":20,"minecraft:iron_chestplate":2,"minecraft:shield":3,"minecraft:stick":16,"minecraft:iron_ingot":71,"minecraft:iron_pickaxe":1,"minecraft:redstone_torch":2,"minecraft:coal":6,"sophisticatedstorage:iron_chest":2,"minecraft:furnace":4,"minecraft:bone_meal":27,"enigmaticlegacy:iron_ring":1,"refurbished_furniture:workbench":1,"minecraft:iron_axe":7,"minecraft:stone_pickaxe":1,"minecraft:redstone_block":1,"minecraft:dark_oak_planks":40,"minecraft:wheat":9,"minecraft:cooked_beef":15,"minecraft:red_dye":2,"minecraft:red_bed":2,"minecraft:stone_axe":1,"minecraft:bread":15,"minecraft:air":0,"minecraft:jungle_planks":8,"sophisticatedstorage:chest":2,"minecraft:white_dye":1,"minecraft:iron_leggings":2,"minecraft:stonecutter":1,"minecraft:white_bed":2,"minecraft:acacia_planks":16,"minecraft:lapis_lazuli":9},"minecraft:killed_by":{"minecraft:vindicator":1,"minecraft:vex":1,"irons_spellbooks:necromancer":1,"minecraft:skeleton":1,"irons_spellbooks:archevoker":1},"minecraft:picked_up":{"irons_spellbooks:scroll":3,"minecraft:wheat":11,"simplehats:hatbag_rare":2,"minecraft:flower_pot":4,"inventorypets:nugget_lapis":3,"enigmaticlegacy:enigmatic_eye":1,"minecraft:lapis_block":1,"minecraft:smooth_stone_slab":2,"minecraft:iron_leggings":1,"irons_spellbooks:arcane_essence":7,"alexsmobs:emu_feather":2,"minecraft:cobbled_deepslate":1,"bosses_of_mass_destruction:soul_star":1,"delightful:acorn":1,"minecraft:rose_bush":1,"minecraft:melon_slice":137,"irons_spellbooks:inscription_table":1,"minecraft:furnace":7,"iceandfire:pixie_dust":2,"minecraft:stick":7,"fruitsdelight:kiwi":1,"minecraft:oak_fence":2,"minecraft:torch":18,"minecraft:acacia_log":4,"simplehats:worms_mine":1,"fruitsdelight:lemon":3,"tombstone:grave_dust":8,"minecraft:diorite":1,"minecraft:light_gray_banner":1,"simplehats:crown":1,"minecraft:lime_carpet":2,"simplehats:rgbsunglasses":1,"minecraft:rotten_flesh":28,"crittersandcompanions:dragonfly_wing":1,"minecraft:red_tulip":1,"simplehats:scouter":1,"croptopia:elderberry":2,"inka:cuy_item":1,"minecraft:cobblestone":74,"minecraft:feather":1,"simplehats:frozenhead":1,"minecraft:cooked_beef":6,"minecraft:jungle_wood":6,"simplehats:partyhat":1,"biomesoplenty:fir_log":5,"minecraft:flint":1,"simplehats:beaniergb":1,"minecraft:dirt":39,"simplehats:demonhorns":1,"minecraft:name_tag":1,"simplehats:hatbag_epic":1,"minecraft:purple_carpet":2,"minecraft:bone":33,"minecraft:bow":1,"minecraft:wheat_seeds":7,"sophisticatedstorage:chest":1,"simplehats:hatbag_uncommon":7,"minecraft:oak_planks":6,"fruitsdelight:orange":4,"biomesoplenty:toadstool":2,"iceandfire:dragon_skull_fire":3,"minecraft:jungle_planks":8,"minecraft:sand":1,"minecraft:melon":5,"minecraft:dark_oak_log":11,"minecraft:diamond":2,"artifacts:crystal_heart":1,"minecraft:emerald":13,"alexsmobs:maggot":2,"minecraft:oak_sapling":6,"minecraft:light_gray_carpet":1,"minecraft:oak_leaves":17,"minecraft:lingering_potion":2,"minecraft:crafting_table":9,"minecraft:allium":1,"minecraft:ladder":3,"irons_spellbooks:tarnished_helmet":1,"minecraft:iron_axe":3,"inventorypets:pet_biome":1,"minecraft:white_carpet":95,"simplehats:baseballhat":2,"minecraft:beef":26,"fruitsdelight:fig":1,"minecraft:iron_nugget":5,"minecraft:poppy":1,"minecraft:light_gray_wool":14,"biomesoplenty:wildflower":3,"simplehats:traffic_cone":1,"minecraft:chest":2,"simplehats:vikinghatbeard":1,"minecraft:birch_sapling":1,"minecraft:dark_oak_sapling":6,"minecraft:raw_iron":54,"minecraft:sandstone":2,"simplehats:hatbag_common":7,"minecraft:carrot":33,"minecraft:redstone":36,"simplehats:right_hand_hat":1,"minecraft:blue_carpet":2,"minecraft:dark_oak_planks":31,"inventorypets:nugget_ender":4,"minecraft:arrow":15,"biomesoplenty:orange_sandstone":7,"crittersandcompanions:silk":27,"minecraft:totem_of_undying":1,"simplehats:eevee_ears":1,"minecraft:saddle":1,"minecraft:mutton":8,"simplehats:chalk_stick":1,"biomesoplenty:orange_sand":14,"minecraft:white_wool":7,"simplehats:poofballhat":1,"minecraft:leather":38,"minecraft:birch_planks":29,"inventorypets:nugget_obsidian":1,"minecraft:oak_log":33,"minecraft:gunpowder":1,"minecraft:cobblestone_stairs":2,"minecraft:cooked_mutton":1,"simplehats:doctorhat":1,"minecraft:red_carpet":286,"minecraft:stone_bricks":1,"minecraft:apple":5,"minecraft:gray_carpet":3,"minecraft:rabbit_hide":20,"minecraft:iron_ingot":17,"minecraft:stone_pickaxe":1,"simplehats:tanuki_leaf":1,"croptopia:elderberry_seed":2,"iceandfire:fire_dragon_flesh":2,"minecraft:book":150,"minecraft:smooth_basalt":1,"minecraft:pumpkin":1,"iceandfire:ash":126,"minecraft:gravel":1,"refurbished_furniture:workbench":1,"fruitsdelight:pear":2,"minecraft:green_carpet":1,"minecraft:spider_eye":4,"tombstone:ritual_flute":1,"minecraft:stone_axe":3,"simplehats:carrotonstick":1,"tombstone:magic_scroll":1,"minecraft:damaged_anvil":1,"minecraft:coal":36,"minecraft:ender_pearl":3},"minecraft:dropped":{"minecraft:birch_planks":29,"minecraft:dark_oak_stairs":2,"simplehats:frozenhead":1,"minecraft:cooked_beef":5,"simplehats:poofballhat":1,"minecraft:ender_pearl":1,"minecraft:dark_oak_sapling":6,"croptopia:elderberry_seed":2,"minecraft:leather":24,"minecraft:jungle_planks":16,"minecraft:red_carpet":312,"minecraft:cobblestone_stairs":2,"simplehats:beaniergb":1,"minecraft:dirt":16,"minecraft:dark_oak_log":1,"simplehats:partyhat":1,"iceandfire:ash":52,"minecraft:sand":1,"simplehats:baseballhat":1,"minecraft:dark_oak_planks":2,"minecraft:bone":9,"biomesoplenty:toadstool":2,"minecraft:stone_axe":4,"simplehats:eevee_ears":1,"minecraft:wheat":1,"minecraft:rotten_flesh":1,"tconstruct:war_pick":1,"minecraft:poppy":1,"minecraft:gunpowder":1,"simplehats:hatbag_uncommon":1,"minecraft:lingering_potion":1,"inventorypets:nugget_coal":2,"minecraft:ladder":3,"minecraft:arrow":1,"fruitsdelight:orange":2,"minecraft:oak_leaves":8,"minecraft:purple_carpet":2,"fruitsdelight:lemon":2,"minecraft:iron_ingot":9,"minecraft:bread":8,"minecraft:wheat_seeds":7,"minecraft:oak_fence":2,"minecraft:iron_helmet":2,"minecraft:coal":17,"simplehats:carrotonstick":1,"irons_spellbooks:scroll":1,"biomesoplenty:orange_sand":7,"minecraft:diorite":1,"minecraft:melon_slice":18,"minecraft:lime_carpet":2,"tombstone:grave_dust":1,"minecraft:iron_leggings":3,"artifacts:crystal_heart":1,"minecraft:iron_axe":5,"minecraft:blue_carpet":2,"minecraft:gray_carpet":3,"croptopia:elderberry":1,"minecraft:furnace":1,"minecraft:white_carpet":95,"minecraft:light_gray_wool":14,"minecraft:iron_boots":1,"minecraft:shield":1,"minecraft:flower_pot":2,"simplehats:hatbag_common":1,"minecraft:allium":1,"minecraft:iron_chestplate":1,"minecraft:oak_sapling":2,"minecraft:spider_eye":3,"biomesoplenty:orange_sandstone":5,"simplehats:rgbsunglasses":1,"minecraft:bow":1,"minecraft:stone_pickaxe":2,"minecraft:red_tulip":1},"minecraft:broken":{"minecraft:shield":1,"minecraft:iron_axe":2},"minecraft:mined":{"minecraft:dark_oak_planks":15,"minecraft:jungle_leaves":3,"minecraft:acacia_log":4,"minecraft:grass_block":7,"biomesoplenty:orange_sandstone":7,"minecraft:spawner":1,"minecraft:iron_ore":54,"minecraft:fire":147,"minecraft:anvil":1,"sophisticatedstorage:chest":1,"biomesoplenty:wildflower":1,"minecraft:torch":1,"minecraft:melon":26,"minecraft:chest":1,"minecraft:oak_planks":3,"minecraft:damaged_anvil":2,"minecraft:lapis_block":1,"minecraft:light_gray_wool":16,"biomesoplenty:fir_log":5,"minecraft:smooth_stone_slab":3,"minecraft:grass":13,"minecraft:oak_log":27,"minecraft:dirt":16,"minecraft:smooth_basalt":1,"minecraft:oak_leaves":9,"minecraft:red_carpet":3,"minecraft:dark_oak_log":5,"create_central_kitchen:pumpkin_pie":2,"fruitsdelight:orange_leaves":3,"minecraft:furnace":6,"minecraft:carrots":9,"fruitsdelight:lemon_tree":3,"minecraft:bookshelf":46,"biomesoplenty:high_grass":1,"crittersandcompanions:silk_cocoon":7,"irons_spellbooks:inscription_table":1,"minecraft:stone":75,"minecraft:glass_pane":9,"biomesoplenty:orange_sand":15,"minecraft:crafting_table":9,"minecraft:rose_bush":1,"biomesoplenty:high_grass_plant":7,"minecraft:tall_grass":3,"refurbished_furniture:workbench":1,"minecraft:birch_leaves":8,"minecraft:black_wool":1,"minecraft:coal_ore":5,"minecraft:gravel":2,"minecraft:stone_bricks":1,"minecraft:fern":1},"minecraft:killed":{"minecraft:spider":2,"crittersandcompanions:leaf_insect":1,"minecraft:skeleton":23,"irons_spellbooks:archevoker":1,"artifacts:mimic":1,"irons_spellbooks:necromancer":2,"minecraft:creeper":1,"minecraft:sheep":6,"minecraft:pillager":6,"minecraft:zombie":24,"iceandfire:pixie":2,"minecraft:cow":12,"minecraft:vex":2,"minecraft:evoker":2,"minecraft:vindicator":15,"inka:cuy":1,"minecraft:husk":5,"minecraft:ravager":1,"alexsmobs:emu":1,"alexsmobs:crow":1,"minecraft:enderman":1},"minecraft:custom":{"enigmaticlegacy:play_time_with_seven_curses":0,"minecraft:interact_with_crafting_table":47,"minecraft:open_barrel":29,"minecraft:leave_game":7,"minecraft:time_since_death":76518,"minecraft:damage_resisted":0,"minecraft:sprint_one_cm":779947,"minecraft:damage_blocked_by_shield":1760,"minecraft:drop":145,"minecraft:talked_to_villager":3,"minecraft:play_time":264118,"minecraft:deaths":5,"minecraft:jump":6750,"minecraft:walk_on_water_one_cm":30736,"minecraft:interact_with_furnace":70,"minecraft:sleep_in_bed":10,"minecraft:damage_dealt":23636,"minecraft:crouch_one_cm":33761,"tombstone:undead_killed":55,"minecraft:interact_with_smoker":1,"minecraft:horse_one_cm":291702,"minecraft:mob_kills":112,"minecraft:interact_with_anvil":6,"tombstone:rite_of_silent_bond":1,"minecraft:damage_dealt_resisted":0,"minecraft:climb_one_cm":1789,"minecraft:walk_one_cm":387614,"minecraft:sneak_time":11868,"minecraft:walk_under_water_one_cm":16485,"minecraft:interact_with_lectern":1,"minecraft:total_world_time":264118,"tombstone:raider_killed":24,"enigmaticlegacy:play_time_without_seven_curses":263964,"minecraft:interact_with_grindstone":1,"minecraft:time_since_rest":9686,"minecraft:damage_absorbed":42,"minecraft:damage_taken":5078,"minecraft:swim_one_cm":14976,"minecraft:fly_one_cm":1488515,"minecraft:open_chest":159,"minecraft:fall_one_cm":209465}},"DataVersion":3465}