{"stats":{"minecraft:crafted":{"minecraft:chain":3,"minecraft:slime_block":1,"minecraft:bookshelf":16,"minecraft:cooked_mutton":4,"minecraft:diamond_helmet":1,"sophisticatedbackpacks:copper_backpack":1,"explorerscompass:explorerscompass":1,"iceandfire:deathworm_red_leggings":1,"minecraft:diamond_axe":2,"minecraft:copper_ingot":152,"iceandfire:tide_green_helmet":1,"enigmaticlegacy:golden_ring":2,"minecraft:compass":1,"minecraft:iron_pickaxe":1,"minecraft:gold_ingot":21,"minecraft:golden_carrot":3,"iceandfire:deathworm_white_leggings":1,"minecraft:iron_nugget":36,"minecraft:bone_meal":108,"enigmaticlegacy:iron_ring":2,"refurbished_furniture:workbench":1,"minecraft:stone_pickaxe":1,"minecraft:diamond_boots":2,"minecraft:redstone_block":1,"minecraft:dark_oak_planks":156,"iceandfire:chain":1,"minecraft:wheat":297,"minecraft:crossbow":3,"minecraft:enchanting_table":1,"minecraft:red_bed":2,"sophisticatedbackpacks:gold_backpack":3,"minecraft:iron_leggings":2,"minecraft:white_bed":2,"minecraft:oak_planks":156,"sophisticatedstorage:stack_upgrade_tier_1_plus":3,"iceandfire:deathworm_gauntlet_red":1,"minecraft:dark_oak_boat":2,"minecraft:cooked_chicken":6,"minecraft:stone":4,"usefulslime:slime_sling":1,"minecraft:iron_boots":3,"tombstone:grave_key":1,"minecraft:chest":7,"minecraft:copper_block":16,"minecraft:oak_slab":6,"sophisticatedbackpacks:backpack":4,"minecraft:crafting_table":8,"minecraft:wooden_pickaxe":1,"minecraft:iron_helmet":4,"sophisticatedbackpacks:upgrade_base":2,"biomesoplenty:fir_planks":20,"minecraft:iron_chestplate":3,"irons_spellbooks:archevoker_chestplate":1,"minecraft:diamond_pickaxe":2,"minecraft:shield":4,"sophisticatedbackpacks:diamond_backpack":1,"minecraft:stick":64,"minecraft:iron_ingot":100,"minecraft:redstone_torch":2,"irons_spellbooks:magic_cloth":8,"minecraft:coal":6,"sophisticatedstorage:iron_chest":2,"minecraft:furnace":4,"sophisticatedbackpacks:stack_upgrade_starter_tier":3,"iceandfire:tide_green_chestplate":1,"minecraft:flint_and_steel":1,"minecraft:iron_axe":11,"sophisticatedbackpacks:iron_backpack":3,"minecraft:cooked_beef":15,"minecraft:red_dye":2,"minecraft:diamond_sword":2,"minecraft:music_disc_mellohi":1,"minecraft:iron_sword":1,"minecraft:stone_axe":1,"minecraft:bread":79,"minecraft:air":0,"minecraft:jungle_planks":140,"sophisticatedstorage:chest":2,"minecraft:gold_nugget":36,"minecraft:white_dye":1,"minecraft:raw_gold":63,"minecraft:stonecutter":1,"minecraft:acacia_planks":16,"minecraft:torch":48,"minecraft:lapis_lazuli":9},"minecraft:picked_up":{"simplehats:shakehat":1,"minecraft:flower_pot":4,"minecraft:anvil":1,"simplehats:greaser":1,"artifacts:chorus_totem":1,"minecraft:enchanted_book":1,"simplehats:clockface":1,"simplehats:round_purple_wig":1,"minecraft:string":34,"simplehats:bicorne":1,"simplehats:topcathat":2,"simplehats:rabbitonhead":2,"simplehats:sombrero":1,"alexsmobs:emu_feather":2,"minecraft:gold_nugget":1,"minecraft:cobbled_deepslate":369,"bosses_of_mass_destruction:soul_star":2,"minecraft:melon_slice":137,"simplehats:druid_antlers_rare":1,"aquaculture:tambaqui":1,"minecraft:acacia_log":4,"croptopia:almond":1,"enigmaticlegacy:withered_tome":1,"enigmaticlegacy:angel_blessing":1,"simplehats:rgbsunglasses":1,"simplehats:crown":1,"minecraft:lime_carpet":2,"minecraft:light_gray_bed":1,"crittersandcompanions:dragonfly_wing":2,"iceandfire:deathworm_chitin_yellow":1,"minecraft:red_tulip":1,"simplehats:scouter":2,"croptopia:elderberry":2,"minecraft:iron_bars":2,"inka:cuy_item":1,"minecraft:birch_log":7,"minecraft:magma_block":3,"minecraft:feather":1,"minecraft:cooked_beef":6,"minecraft:jungle_log":25,"minecraft:jungle_wood":14,"simplehats:partyhat":2,"biomesoplenty:fir_log":5,"simplehats:caterpillar_on_head":1,"minecraft:flint":1,"simplehats:beaniergb":1,"croptopia:celery":1,"simplehats:hatbag_epic":8,"minecraft:purple_carpet":2,"sophisticatedstorage:chest":1,"simplehats:hatbag_uncommon":15,"fruitsdelight:orange":4,"simplehats:redstache":1,"simplehats:alien_antennae":2,"croptopia:celery_seed":2,"iceandfire:dragon_skull_fire":3,"iceandfire:stymphalian_bird_feather":52,"minecraft:dark_oak_log":40,"minecraft:bundle":1,"artifacts:crystal_heart":1,"simplehats:cartoonegg":1,"iceandfire:troll_weapon_axe":1,"minecraft:granite":40,"minecraft:bread":1,"alexsmobs:maggot":2,"minecraft:light_gray_carpet":1,"croptopia:greenonion":2,"sophisticatedbackpacks:gold_backpack":1,"simplehats:rgbfullhelm":1,"minecraft:crafting_table":22,"irons_spellbooks:tarnished_helmet":5,"minecraft:leather_leggings":1,"inka:inca_cloak":1,"simplehats:springer":1,"minecraft:red_bed":19,"inventorypets:pet_biome":1,"minecraft:white_carpet":95,"simplehats:baseballhat":3,"simplehats:raincloud":1,"simplehats:dairyqueen":1,"minecraft:cracked_stone_bricks":4,"minecraft:beef":26,"minecraft:iron_nugget":5,"minecraft:poppy":1,"simplehats:traffic_cone":1,"simplehats:vikinghatbeard":2,"minecraft:chest":3,"minecraft:birch_sapling":4,"minecraft:sandstone":2,"minecraft:raw_gold_block":7,"simplehats:hatbag_common":19,"iceandfire:deathworm_chitin_white":10,"minecraft:carrot":262,"minecraft:redstone":36,"minecraft:blue_carpet":2,"minecraft:tnt":1,"inventorypets:nugget_ender":4,"simplehats:spadesoldier":1,"minecraft:decorated_pot":15,"minecraft:hay_block":32,"simplehats:eevee_ears":2,"minecraft:gold_ingot":63,"minecraft:totem_of_undying":1,"sophisticatedbackpacks:copper_backpack":1,"minecraft:mutton":8,"minecraft:white_wool":7,"simplehats:chalk_stick":1,"minecraft:bone_block":4,"biomesoplenty:orange_sand":27,"iceandfire:sea_serpent_fang":2,"croptopia:glowing_calamari":1,"minecraft:oak_log":40,"minecraft:lily_pad":1,"simplehats:eyeholder_warm":1,"minecraft:white_banner":5,"simplehats:doctorhat":2,"minecraft:apple":6,"minecraft:stone_bricks":1,"minecraft:stone_pickaxe":1,"tombstone:bag_of_seeds":1,"simplehats:dimmahat":1,"croptopia:elderberry_seed":2,"simplehats:questbook":4,"iceandfire:copper_nugget":10,"minecraft:smooth_basalt":1,"minecraft:milk_bucket":1,"iceandfire:sea_serpent_scales_green":13,"minecraft:gravel":6,"refurbished_furniture:workbench":1,"minecraft:spruce_sapling":10,"simplehats:penguinbaby":1,"minecraft:spruce_log":8,"fruitsdelight:pear":2,"simplehats:binky":1,"minecraft:slime_ball":1,"minecraft:stone_axe":3,"simplehats:thumbnail":1,"simplehats:carrotonstick":1,"minecraft:diamond_axe":1,"minecraft:ender_pearl":4,"irons_spellbooks:scroll":5,"minecraft:wheat":11,"iceandfire:troll_weapon_hammer":1,"simplehats:hatbag_rare":11,"simplehats:eyeholder_xanath":1,"inventorypets:nugget_lapis":3,"minecraft:stone_brick_stairs":3,"enigmaticlegacy:enigmatic_eye":1,"minecraft:lapis_block":1,"minecraft:raw_copper":137,"minecraft:smooth_stone_slab":2,"minecraft:iron_leggings":1,"irons_spellbooks:arcane_essence":21,"minecraft:bucket":2,"delightful:acorn":2,"minecraft:rose_bush":1,"irons_spellbooks:inscription_table":1,"minecraft:furnace":19,"iceandfire:pixie_dust":8,"minecraft:stick":16,"fruitsdelight:kiwi":1,"minecraft:oak_fence":6,"minecraft:torch":18,"simplehats:worms_mine":4,"minecraft:porkchop":3,"fruitsdelight:lemon":3,"simplehats:ushanka":1,"simplehats:bigstevehead":1,"tombstone:grave_dust":24,"minecraft:diorite":77,"minecraft:light_gray_banner":1,"minecraft:rotten_flesh":123,"inka:zamponia":2,"minecraft:obsidian":18,"minecraft:cobblestone":301,"simplehats:frozenhead":2,"simplehats:sunglassesbig":1,"minecraft:andesite":15,"alexsmobs:bear_fur":4,"minecraft:tuff":13,"simplehats:simsgem":1,"create:raw_zinc":4,"minecraft:dirt":263,"simplehats:demonhorns":2,"simplehats:sleepeyemask":1,"minecraft:name_tag":1,"culturaldelights:glow_squid":1,"minecraft:bone":88,"minecraft:bow":5,"minecraft:wheat_seeds":9,"minecraft:oak_planks":8,"biomesoplenty:toadstool":2,"simplehats:mindflayer":1,"minecraft:sand":1,"minecraft:jungle_planks":8,"minecraft:melon":5,"iceandfire:pixie_wings":1,"minecraft:diamond":79,"croptopia:pineapple_seed":1,"minecraft:crossbow":7,"minecraft:bone_meal":2,"minecraft:emerald":16,"minecraft:oak_sapling":13,"minecraft:oak_leaves":17,"minecraft:lingering_potion":2,"minecraft:allium":1,"minecraft:ladder":15,"simplehats:rgbushanka":1,"simplehats:ladybug_on_head":1,"minecraft:gold_block":59,"tconstruct:earth_slime_crystal":4,"minecraft:brick":6,"fruitsdelight:lychee":1,"minecraft:iron_axe":3,"artifacts:feral_claws":1,"rusticdelight:calamari":1,"fruitsdelight:fig":1,"minecraft:light_gray_wool":14,"biomesoplenty:wildflower":3,"sophisticatedstorage:iron_chest":2,"minecraft:dark_oak_sapling":10,"minecraft:raw_iron":199,"iceandfire:deathworm_chitin_red":13,"minecraft:copper_ingot":13,"tombstone:readable_scroll":3,"simplehats:cowboyrgb":2,"minecraft:friend_pottery_sherd":4,"simplehats:right_hand_hat":1,"simplehats:bigcrown":1,"minecraft:dark_oak_planks":35,"minecraft:arrow":62,"biomesoplenty:orange_sandstone":7,"crittersandcompanions:silk":27,"artifacts:cross_necklace":1,"minecraft:saddle":1,"simplehats:poofballhat":3,"minecraft:leather":38,"croptopia:greenonion_seed":2,"minecraft:birch_planks":29,"inventorypets:nugget_obsidian":4,"minecraft:gunpowder":10,"artifacts:cloud_in_a_bottle":1,"minecraft:cobblestone_stairs":2,"iceandfire:deathworm_tounge":1,"minecraft:cooked_mutton":1,"minecraft:red_carpet":286,"minecraft:gray_carpet":3,"minecraft:rabbit_hide":20,"minecraft:iron_ingot":25,"simplehats:tanuki_leaf":1,"iceandfire:fire_dragon_flesh":2,"simplehats:villagernose":1,"minecraft:book":162,"spanishdelight:garlic":5,"minecraft:pumpkin":1,"iceandfire:ash":126,"aquaculture:piranha":14,"simplehats:doubletake":1,"simplehats:longfoxears":1,"minecraft:green_carpet":1,"minecraft:spider_eye":10,"simplehats:halo":1,"tombstone:ritual_flute":1,"minecraft:iron_helmet":1,"tombstone:magic_scroll":3,"minecraft:damaged_anvil":2,"minecraft:coal":42},"minecraft:broken":{"minecraft:iron_boots":1,"minecraft:iron_chestplate":1,"minecraft:shield":2,"minecraft:iron_axe":4,"minecraft:iron_helmet":1},"minecraft:used":{"minecraft:chest":4,"minecraft:stone":1,"minecraft:lava_bucket":5,"minecraft:bow":229,"minecraft:dark_oak_boat":2,"minecraft:furnace":14,"iceandfire:troll_weapon_hammer":4,"fruitsdelight:orange":2,"minecraft:diorite":1,"minecraft:damaged_anvil":1,"minecraft:wooden_pickaxe":26,"minecraft:oak_leaves":1,"minecraft:golden_apple":1,"iceandfire:deathworm_red_leggings":1,"sophisticatedstorage:chest":1,"minecraft:fire_charge":1,"delightful:acorn":1,"minecraft:enchanting_table":1,"minecraft:torch":18,"minecraft:anvil":2,"minecraft:iron_axe":1092,"fruitsdelight:lemon":1,"minecraft:smooth_basalt":1,"tombstone:gift":9,"minecraft:acacia_planks":1,"minecraft:cobbled_deepslate":154,"minecraft:water_bucket":202,"minecraft:light_gray_banner":1,"minecraft:tnt":1,"minecraft:crafting_table":29,"minecraft:red_bed":21,"minecraft:diamond_pickaxe":866,"tombstone:ritual_flute":1,"minecraft:iron_pickaxe":130,"irons_spellbooks:archevoker_chestplate":3,"minecraft:green_carpet":1,"minecraft:cobblestone":115,"sophisticatedstorage:iron_chest":4,"minecraft:iron_shovel":99,"minecraft:melon":5,"minecraft:diamond_hoe":46,"fruitsdelight:pear":2,"minecraft:decorated_pot":2,"minecraft:shield":187,"minecraft:iron_sword":61,"minecraft:iron_chestplate":2,"minecraft:jungle_planks":36,"minecraft:carrot":126,"minecraft:milk_bucket":1,"minecraft:iron_helmet":4,"minecraft:stone_bricks":1,"ars_nouveau:sourceberry_bush":12,"minecraft:stone_pickaxe":63,"minecraft:oak_planks":46,"minecraft:ender_pearl":1,"minecraft:sandstone":2,"biomesoplenty:fir_planks":20,"tconstruct:war_pick":1,"minecraft:lingering_potion":1,"minecraft:dark_oak_log":1,"minecraft:melon_slice":105,"minecraft:bread":67,"minecraft:gravel":1,"fruitsdelight:kiwi":1,"iceandfire:dragon_skull_fire":3,"minecraft:smooth_stone_slab":2,"minecraft:bone_meal":107,"minecraft:experience_bottle":4,"minecraft:flint_and_steel":19,"minecraft:cooked_chicken":6,"minecraft:dirt":151,"iceandfire:pixie_dust":1,"minecraft:dark_oak_planks":36,"alexsmobs:maggot":2,"minecraft:bookshelf":16,"biomesoplenty:orange_sand":7,"minecraft:iron_boots":1,"biomesoplenty:orange_sandstone":2,"iceandfire:tide_green_helmet":1,"minecraft:cooked_beef":16,"minecraft:pumpkin":1,"minecraft:iron_leggings":2,"minecraft:cooked_mutton":5,"iceandfire:fire_dragon_flesh":3,"minecraft:iron_ore":64,"iceandfire:troll_weapon_axe":1,"biomesoplenty:wildflower":3,"tombstone:bag_of_seeds":2,"minecraft:flower_pot":2,"minecraft:apple":1,"iceandfire:ash":10,"minecraft:stone_axe":46,"fruitsdelight:fig":1,"refurbished_furniture:workbench":1,"minecraft:white_banner":3,"minecraft:bucket":208,"inka:inca_cloak":1,"minecraft:pumpkin_pie":8},"minecraft:mined":{"minecraft:dark_oak_planks":19,"minecraft:jungle_leaves":3,"minecraft:obsidian":18,"minecraft:granite":23,"minecraft:acacia_log":4,"minecraft:jungle_log":25,"minecraft:light_gray_bed":1,"spanishdelight:wild_garlic":2,"biomesoplenty:orange_sandstone":7,"minecraft:spawner":6,"minecraft:cobbled_deepslate":3,"minecraft:fire":177,"minecraft:sculk_shrieker":1,"minecraft:red_bed":19,"minecraft:torch":1,"minecraft:melon":26,"minecraft:damaged_anvil":3,"minecraft:jungle_wood":9,"croptopia:pineapple_crop":1,"minecraft:stone_brick_stairs":3,"minecraft:grass":29,"minecraft:smooth_basalt":1,"minecraft:deepslate":374,"sophisticatedstorage:iron_chest":2,"minecraft:dark_oak_log":33,"fruitsdelight:lemon_tree":3,"minecraft:andesite":1,"biomesoplenty:high_grass":1,"minecraft:vine":2,"irons_spellbooks:inscription_table":1,"minecraft:bone_block":2,"minecraft:glass_pane":9,"biomesoplenty:high_grass_plant":7,"minecraft:tall_grass":6,"minecraft:copper_ore":38,"minecraft:diorite":21,"minecraft:birch_leaves":9,"minecraft:gravel":5,"minecraft:cobweb":2,"minecraft:stone_bricks":1,"minecraft:fern":1,"create:deepslate_zinc_ore":2,"minecraft:grass_block":115,"minecraft:iron_ore":118,"minecraft:anvil":2,"sophisticatedstorage:chest":1,"minecraft:iron_bars":2,"biomesoplenty:wildflower":1,"minecraft:chest":2,"minecraft:cobblestone":7,"minecraft:oak_planks":3,"minecraft:birch_log":7,"minecraft:lapis_block":1,"minecraft:light_gray_wool":16,"minecraft:tnt":1,"biomesoplenty:fir_log":5,"minecraft:smooth_stone_slab":3,"minecraft:oak_log":33,"minecraft:dirt":30,"minecraft:oak_leaves":9,"minecraft:red_carpet":3,"minecraft:tuff":14,"minecraft:dark_oak_leaves":4,"minecraft:deepslate_diamond_ore":38,"create_central_kitchen:pumpkin_pie":2,"fruitsdelight:orange_leaves":3,"minecraft:decorated_pot":14,"minecraft:hay_block":29,"minecraft:furnace":14,"minecraft:carrots":67,"minecraft:raw_gold_block":8,"minecraft:gold_block":45,"minecraft:bookshelf":50,"crittersandcompanions:silk_cocoon":7,"minecraft:stone":281,"biomesoplenty:orange_sand":15,"minecraft:crafting_table":22,"tconstruct:earth_slime_crystal_cluster":1,"minecraft:rose_bush":1,"refurbished_furniture:workbench":1,"inka:inca_cloak":1,"minecraft:black_wool":1,"minecraft:coal_ore":5,"minecraft:cracked_stone_bricks":4},"minecraft:killed":{"minecraft:cave_spider":4,"iceandfire:stymphalian_bird":11,"minecraft:skeleton":63,"alexsmobs:centipede_head":2,"irons_spellbooks:archevoker":1,"minecraft:pillager":61,"minecraft:zombie":94,"aquaculture:tambaqui":1,"iceandfire:sea_serpent":1,"minecraft:cow":12,"mca:female_zombie_villager":1,"minecraft:evoker":2,"minecraft:vindicator":15,"alexsmobs:seagull":1,"inka:cuy":1,"minecraft:husk":6,"alexsmobs:guster":1,"minecraft:ravager":1,"iceandfire:ghost":1,"minecraft:enderman":3,"minecraft:witch":1,"aquaculture:piranha":15,"minecraft:spider":25,"crittersandcompanions:leaf_insect":1,"artifacts:mimic":5,"minecraft:pig":1,"alexsmobs:grizzly_bear":2,"irons_spellbooks:necromancer":8,"minecraft:creeper":14,"minecraft:sheep":8,"iceandfire:pixie":11,"alexsmobs:komodo_dragon":1,"minecraft:vex":2,"irons_spellbooks:summoned_zombie":5,"minecraft:slime":3,"iceandfire:deathworm":7,"iceandfire:troll":2,"alexsmobs:emu":1,"alexsmobs:cockroach":1,"alexsmobs:crow":1},"minecraft:killed_by":{"minecraft:vindicator":1,"minecraft:vex":1,"irons_spellbooks:necromancer":1,"minecraft:skeleton":1,"irons_spellbooks:archevoker":1},"minecraft:custom":{"minecraft:interact_with_crafting_table":123,"minecraft:open_barrel":105,"goblintraders:trade_with_goblin":1,"minecraft:leave_game":11,"minecraft:time_since_death":492388,"minecraft:damage_blocked_by_shield":4720,"minecraft:play_time":679988,"minecraft:deaths":5,"minecraft:jump":14820,"minecraft:enchant_item":5,"tombstone:elyra_diary":2,"minecraft:interact_with_furnace":143,"minecraft:sleep_in_bed":39,"minecraft:damage_dealt":74073,"tombstone:undead_killed":184,"minecraft:interact_with_smoker":3,"minecraft:horse_one_cm":291702,"minecraft:interact_with_anvil":10,"tombstone:rite_of_silent_bond":2,"minecraft:damage_dealt_absorbed":265,"minecraft:sneak_time":30949,"minecraft:interact_with_lectern":1,"minecraft:total_world_time":679988,"tombstone:raider_killed":83,"enigmaticlegacy:play_time_without_seven_curses":679834,"minecraft:time_since_rest":10848,"tombstone:cast_on_ally":1,"minecraft:swim_one_cm":79639,"minecraft:fly_one_cm":4000614,"minecraft:open_chest":462,"minecraft:fall_one_cm":621515,"enigmaticlegacy:play_time_with_seven_curses":0,"minecraft:damage_resisted":0,"minecraft:sprint_one_cm":1687857,"minecraft:drop":427,"minecraft:talked_to_villager":3,"minecraft:interact_with_brewingstand":1,"minecraft:walk_on_water_one_cm":106437,"minecraft:player_kills":1,"minecraft:crouch_one_cm":96143,"minecraft:mob_kills":406,"minecraft:damage_dealt_resisted":105,"minecraft:climb_one_cm":6277,"minecraft:walk_one_cm":1110405,"minecraft:walk_under_water_one_cm":43229,"minecraft:boat_one_cm":38714,"minecraft:interact_with_grindstone":1,"minecraft:damage_taken":7895,"minecraft:damage_absorbed":42,"minecraft:trigger_trapped_chest":2},"minecraft:dropped":{"iceandfire:raw_silver":7,"simplehats:ushanka":1,"minecraft:cooked_beef":5,"simplehats:poofballhat":1,"minecraft:crossbow":4,"irons_spellbooks:tarnished_helmet":4,"tconstruct:earth_slime_crystal":4,"minecraft:red_carpet":312,"simplehats:spadesoldier":1,"minecraft:emerald":3,"sophisticatedbackpacks:gold_backpack":2,"minecraft:dirt":73,"croptopia:celery":1,"minecraft:gold_nugget":2,"minecraft:bone_block":4,"minecraft:sand":1,"simplehats:baseballhat":1,"simplehats:druid_antlers_rare":1,"minecraft:dark_oak_planks":30,"minecraft:bone":36,"biomesoplenty:toadstool":2,"minecraft:stone_axe":4,"minecraft:iron_nugget":3,"aquaculture:piranha":14,"minecraft:cobbled_deepslate":186,"minecraft:birch_sapling":4,"minecraft:wheat":3,"minecraft:rotten_flesh":85,"minecraft:oak_planks":2,"tombstone:readable_scroll":5,"simplehats:rgbushanka":1,"tconstruct:war_pick":1,"enigmaticlegacy:golden_ring":1,"simplehats:hatbag_uncommon":1,"inventorypets:nugget_coal":2,"minecraft:ladder":27,"minecraft:leather_leggings":1,"simplehats:springer":1,"minecraft:stone_brick_stairs":1,"enigmaticlegacy:enigmatic_amulet":1,"croptopia:greenonion":2,"minecraft:egg":2,"tombstone:scroll_of_feather_fall":1,"minecraft:enchanted_book":1,"minecraft:iron_ingot":9,"minecraft:wheat_seeds":9,"ars_nouveau:pierce_arrow":31,"simplehats:eyeholder_warm":1,"minecraft:oak_fence":13,"minecraft:iron_helmet":5,"minecraft:cobblestone":362,"enigmaticlegacy:golem_heart":1,"minecraft:granite":72,"croptopia:almond":1,"minecraft:coal":77,"simplehats:carrotonstick":1,"simplehats:sombrero":1,"croptopia:celery_seed":2,"minecraft:golden_carrot":3,"iceandfire:copper_nugget":10,"minecraft:lime_carpet":2,"minecraft:potion":1,"delightful:acorn":2,"minecraft:white_banner":2,"minecraft:iron_shovel":1,"simplehats:simsgem":1,"minecraft:string":3,"minecraft:blue_carpet":2,"minecraft:lily_pad":1,"minecraft:gray_carpet":3,"create:raw_zinc":4,"minecraft:spruce_sapling":5,"enigmaticlegacy:withered_tome":2,"croptopia:elderberry":1,"minecraft:furnace":1,"simplehats:rgbfullhelm":1,"simplehats:round_purple_wig":1,"minecraft:white_carpet":95,"minecraft:iron_boots":2,"fruitsdelight:lychee":1,"sophisticatedbackpacks:backpack":1,"iceandfire:deathworm_white_leggings":1,"minecraft:potato":7,"minecraft:flower_pot":2,"simplehats:hatbag_common":1,"minecraft:allium":1,"minecraft:bundle":1,"minecraft:spider_eye":10,"biomesoplenty:orange_sandstone":5,"minecraft:bow":5,"minecraft:red_tulip":1,"minecraft:magma_block":6,"minecraft:friend_pottery_sherd":4,"croptopia:pineapple_seed":1,"minecraft:birch_planks":36,"minecraft:dark_oak_stairs":2,"simplehats:frozenhead":1,"minecraft:diamond_axe":2,"minecraft:ender_pearl":1,"minecraft:dark_oak_sapling":9,"minecraft:decorated_pot":13,"croptopia:elderberry_seed":2,"simplehats:scouter":2,"minecraft:leather":24,"minecraft:jungle_planks":92,"minecraft:cobblestone_stairs":2,"simplehats:beaniergb":1,"minecraft:dark_oak_log":1,"ars_nouveau:red_archwood_log":1,"simplehats:partyhat":1,"iceandfire:ash":53,"minecraft:birch_log":7,"minecraft:gold_ingot":1,"rusticdelight:calamari":1,"minecraft:gravel":7,"simplehats:cowboyrgb":2,"simplehats:clockface":1,"simplehats:eevee_ears":1,"iceandfire:tide_green_chestplate":1,"enigmaticlegacy:tattered_tome":1,"simplehats:topcathat":1,"minecraft:carrot":64,"minecraft:poppy":1,"minecraft:rabbit_hide":9,"minecraft:gunpowder":6,"spanishdelight:garlic":5,"minecraft:beetroot_seeds":4,"minecraft:lingering_potion":1,"minecraft:chest":1,"culturaldelights:glow_squid":1,"minecraft:iron_bars":2,"minecraft:arrow":13,"simplehats:bigstevehead":1,"minecraft:oak_leaves":8,"fruitsdelight:orange":2,"minecraft:purple_carpet":2,"fruitsdelight:lemon":2,"minecraft:bread":9,"inventorypets:nugget_obsidian":1,"crittersandcompanions:dragonfly_wing":2,"minecraft:copper_ingot":13,"minecraft:stick":9,"irons_spellbooks:scroll":1,"biomesoplenty:orange_sand":20,"minecraft:milk_bucket":3,"minecraft:diorite":128,"minecraft:torch":48,"minecraft:melon_slice":26,"tombstone:grave_dust":13,"minecraft:iron_leggings":4,"simplehats:worms_mine":3,"artifacts:crystal_heart":1,"minecraft:iron_axe":5,"croptopia:glowing_calamari":1,"aquaculture:tambaqui":1,"inka:zamponia":1,"simplehats:cartoonegg":1,"simplehats:bicorne":1,"minecraft:light_gray_wool":14,"simplehats:rabbitonhead":1,"simplehats:alien_antennae":2,"alexsmobs:bear_fur":2,"minecraft:filled_map":1,"simplehats:longfoxears":1,"minecraft:shield":1,"minecraft:iron_chestplate":1,"minecraft:andesite":28,"minecraft:oak_sapling":16,"simplehats:mindflayer":1,"minecraft:spruce_log":8,"simplehats:rgbsunglasses":1,"minecraft:stone_pickaxe":2,"minecraft:wooden_pickaxe":1,"enigmaticlegacy:angel_blessing":1,"minecraft:brick":6}},"DataVersion":3465}